1.19959e-006,-0.006
1.20009e-006,-0.004
1.20059e-006,0
1.20109e-006,-0.007
1.20159e-006,-0.004
1.20209e-006,-0.001
1.20259e-006,0
1.20309e-006,0
1.20359e-006,-0.007
1.20409e-006,-0.009
1.20459e-006,-0.005
1.20509e-006,-0.007
1.20559e-006,-0.006
1.20609e-006,-0.001
1.20659e-006,0
1.20709e-006,0
1.20759e-006,-0.004
1.20809e-006,-0.002
1.20859e-006,-0.004
1.20909e-006,-0.003
1.20959e-006,0.001
1.21009e-006,0.003
1.21059e-006,0.002
1.21109e-006,-0.001
1.21159e-006,-0.006
1.21209e-006,-0.002
1.21259e-006,-0.001
1.21309e-006,0.001
1.21359e-006,-0.004
1.21409e-006,-0.004
1.21459e-006,-0.004
1.21509e-006,-0.005
1.21559e-006,-0.006
1.21609e-006,-0.004
1.21659e-006,-0.006
1.21709e-006,-0.001
1.21759e-006,-0.006
1.21809e-006,-0.003
1.21859e-006,-0.002
1.21909e-006,-0.003
1.21959e-006,-0.005
1.22009e-006,-0.002
1.22059e-006,0
1.22109e-006,-0.005
1.22159e-006,-0.002
1.22209e-006,-0.001
1.22259e-006,-0.007
1.22309e-006,-0.003
1.22359e-006,0.002
1.22409e-006,-0.004
1.22459e-006,-0.003
1.22509e-006,0.003
1.22559e-006,-0.004
1.22609e-006,-0.002
1.22659e-006,0.001
1.22709e-006,-0.001
1.22759e-006,-0.006
1.22809e-006,-0.001
1.22859e-006,-0.004
1.22909e-006,-0.004
1.22959e-006,-0.005
1.23009e-006,-0.006
1.23059e-006,-0.009
1.23109e-006,-0.003
1.23159e-006,-0.005
1.23209e-006,-0.001
1.23259e-006,0.002
1.23309e-006,-0.002
1.23359e-006,-0.006
1.23409e-006,0.001
1.23459e-006,0
1.23509e-006,-0.002
1.23559e-006,-0.003
1.23609e-006,-0.004
1.23659e-006,-0.006
1.23709e-006,-0.005
1.23759e-006,-0.007
1.23809e-006,-0.001
1.23859e-006,-0.002
1.23909e-006,-0.001
1.23959e-006,-0.005
1.24009e-006,-0.005
1.24059e-006,-0.004
1.24109e-006,-0.007
1.24159e-006,-0.009
1.24209e-006,-0.002
1.24259e-006,-0.002
1.24309e-006,-0.004
1.24359e-006,-0.004
1.24409e-006,-0.001
1.24459e-006,-0.002
1.24509e-006,-0.006
1.24559e-006,-0.004
1.24609e-006,0.002
1.24659e-006,-0.001
1.24709e-006,0.001
1.24759e-006,-0.001
1.24809e-006,-0.002
1.24859e-006,-0.002
1.24909e-006,-0.002
1.24959e-006,-0.008
1.25009e-006,-0.004
1.25059e-006,0
1.25109e-006,-0.002
1.25159e-006,-0.005
1.25209e-006,-0.004
1.25259e-006,-0.002
1.25309e-006,-0.005
1.25359e-006,-0.005
1.25409e-006,-0.003
1.25459e-006,0.001
1.25509e-006,-0.002
1.25559e-006,-0.005
1.25609e-006,0.002
1.25659e-006,0.003
1.25709e-006,-0.001
1.25759e-006,-0.004
1.25809e-006,-0.006
1.25859e-006,-0.008
1.25909e-006,-0.002
1.25959e-006,-0.005
1.26009e-006,-0.003
1.26059e-006,0.001
1.26109e-006,0.002
1.26159e-006,-0.004
1.26209e-006,0
1.26259e-006,-0.001
1.26309e-006,-0.002
1.26359e-006,-0.007
1.26409e-006,-0.001
1.26459e-006,-0.001
1.26509e-006,-0.001
1.26559e-006,-0.003
1.26609e-006,0.004
1.26659e-006,0
1.26709e-006,-0.006
1.26759e-006,-0.004
1.26809e-006,-0.004
1.26859e-006,-0.006
1.26909e-006,-0.001
1.26959e-006,0
1.27009e-006,0.001
1.27059e-006,-0.002
1.27109e-006,0.001
1.27159e-006,-0.007
1.27209e-006,-0.007
1.27259e-006,-0.006
1.27309e-006,-0.004
1.27359e-006,-0.006
1.27409e-006,-0.009
1.27459e-006,-0.005
1.27509e-006,-0.001
1.27559e-006,-0.008
1.27609e-006,-0.005
1.27659e-006,0.001
1.27709e-006,-0.003
1.27759e-006,-0.011
1.27809e-006,-0.008
1.27859e-006,-0.004
1.27909e-006,-0.006
1.27959e-006,-0.007
1.28009e-006,-0.007
1.28059e-006,-0.008
1.28109e-006,-0.004
1.28159e-006,-0.002
1.28209e-006,-0.004
1.28259e-006,-0.005
1.28309e-006,-0.004
1.28359e-006,-0.002
1.28409e-006,-0.001
1.28459e-006,-0.003
1.28509e-006,-0.006
1.28559e-006,-0.006
1.28609e-006,-0.004
1.28659e-006,-0.001
1.28709e-006,-0.005
1.28759e-006,-0.01
1.28809e-006,-0.007
1.28859e-006,-0.004
1.28909e-006,-0.002
1.28959e-006,-0.004
1.29009e-006,-0.003
1.29059e-006,-0.006
1.29109e-006,-0.005
1.29159e-006,-0.006
1.29209e-006,-0.004
1.29259e-006,-0.001
1.29309e-006,0
1.29359e-006,-0.006
1.29409e-006,-0.006
1.29459e-006,-0.001
1.29509e-006,0.001
1.29559e-006,-0.003
1.29609e-006,-0.002
1.29659e-006,-0.008
1.29709e-006,-0.002
1.29759e-006,-0.007
1.29809e-006,0.002
1.29859e-006,0
1.29909e-006,-0.004
1.29959e-006,-0.007
1.30009e-006,-0.007
1.30059e-006,-0.007
1.30109e-006,-0.004
1.30159e-006,-0.002
1.30209e-006,0
1.30259e-006,0
1.30309e-006,-0.007
1.30359e-006,-0.008
1.30409e-006,-0.004
1.30459e-006,-0.001
1.30509e-006,-0.006
1.30559e-006,-0.008
1.30609e-006,-0.005
1.30659e-006,0
1.30709e-006,-0.005
1.30759e-006,-0.01
1.30809e-006,-0.008
1.30859e-006,-0.003
1.30909e-006,0
1.30959e-006,-0.006
1.31009e-006,-0.007
1.31059e-006,-0.006
1.31109e-006,-0.003
1.31159e-006,-0.006
1.31209e-006,-0.006
1.31259e-006,-0.005
1.31309e-006,-0.006
1.31359e-006,-0.008
1.31409e-006,-0.006
1.31459e-006,-0.004
1.31509e-006,-0.002
1.31559e-006,-0.006
1.31609e-006,-0.002
1.31659e-006,-0.007
1.31709e-006,-0.003
1.31759e-006,-0.004
1.31809e-006,-0.003
1.31859e-006,-0.002
1.31909e-006,0.002
1.31959e-006,-0.01
1.32009e-006,-0.01
1.32059e-006,-0.005
1.32109e-006,0
1.32159e-006,-0.004
1.32209e-006,-0.004
1.32259e-006,-0.007
1.32309e-006,-0.007
1.32359e-006,-0.006
1.32409e-006,0
1.32459e-006,0
1.32509e-006,-0.005
1.32559e-006,-0.007
1.32609e-006,-0.003
1.32659e-006,-0.002
1.32709e-006,-0.003
1.32759e-006,-0.005
1.32809e-006,-0.007
1.32859e-006,-0.005
1.32909e-006,-0.002
1.32959e-006,-0.006
1.33009e-006,-0.002
1.33059e-006,-0.007
1.33109e-006,-0.002
1.33159e-006,-0.006
1.33209e-006,-0.005
1.33259e-006,-0.005
1.33309e-006,-0.005
1.33359e-006,-0.01
1.33409e-006,0.001
1.33459e-006,-0.002
1.33509e-006,-0.004
1.33559e-006,-0.007
1.33609e-006,-0.008
1.33659e-006,-0.006
1.33709e-006,-0.002
1.33759e-006,-0.004
1.33809e-006,-0.002
1.33859e-006,-0.005
1.33909e-006,-0.004
1.33959e-006,-0.006
1.34009e-006,-0.004
1.34059e-006,-0.004
1.34109e-006,0.001
1.34159e-006,-0.004
1.34209e-006,-0.005
1.34259e-006,-0.005
1.34309e-006,-0.004
1.34359e-006,-0.004
1.34409e-006,0
1.34459e-006,-0.002
1.34509e-006,-0.004
1.34559e-006,-0.008
1.34609e-006,0
1.34659e-006,-0.003
1.34709e-006,-0.002
1.34759e-006,-0.007
1.34809e-006,-0.005
1.34859e-006,-0.002
1.34909e-006,0.002
1.34959e-006,-0.008
1.35009e-006,-0.005
1.35059e-006,-0.001
1.35109e-006,-0.001
1.35159e-006,-0.007
1.35209e-006,-0.006
1.35259e-006,-0.005
1.35309e-006,-0.003
1.35359e-006,-0.006
1.35409e-006,-0.003
1.35459e-006,0
1.35509e-006,0.002
1.35559e-006,-0.002
1.35609e-006,-0.002
1.35659e-006,0.003
1.35709e-006,0
1.35759e-006,-0.003
1.35809e-006,-0.001
1.35859e-006,-0.003
1.35909e-006,0
1.35959e-006,-0.01
1.36009e-006,-0.005
1.36059e-006,-0.001
1.36109e-006,-0.001
1.36159e-006,-0.002
1.36209e-006,-0.004
1.36259e-006,-0.003
1.36309e-006,0.003
1.36359e-006,0
1.36409e-006,-0.002
1.36459e-006,-0.005
1.36509e-006,0.002
1.36559e-006,-0.002
1.36609e-006,-0.004
1.36659e-006,0
1.36709e-006,0.003
1.36759e-006,-0.003
1.36809e-006,-0.002
1.36859e-006,-0.004
1.36909e-006,-0.001
1.36959e-006,-0.003
1.37009e-006,0.001
1.37059e-006,0.001
1.37109e-006,0.002
1.37159e-006,0
1.37209e-006,-0.002
1.37259e-006,-0.002
1.37309e-006,0
1.37359e-006,0.005
1.37409e-006,-0.001
1.37459e-006,0.004
1.37509e-006,0.009
1.37559e-006,0.005
1.37609e-006,0.002
1.37659e-006,0.003
1.37709e-006,0.003
1.37759e-006,0
1.37809e-006,0.007
1.37859e-006,0.006
1.37909e-006,0.007
1.37959e-006,0.003
1.38009e-006,0.002
1.38059e-006,0.004
1.38109e-006,0.008
1.38159e-006,0.001
1.38209e-006,0
1.38259e-006,0.003
1.38309e-006,0
1.38359e-006,-0.003
1.38409e-006,-0.001
1.38459e-006,0.005
1.38509e-006,0.007
1.38559e-006,-0.001
1.38609e-006,0
1.38659e-006,0.001
1.38709e-006,-0.004
1.38759e-006,-0.001
1.38809e-006,-0.002
1.38859e-006,0.002
1.38909e-006,0.002
1.38959e-006,0.002
1.39009e-006,0.007
1.39059e-006,0.002
1.39109e-006,0.002
1.39159e-006,-0.004
1.39209e-006,-0.001
1.39259e-006,0.001
1.39309e-006,-0.001
1.39359e-006,-0.003
1.39409e-006,-0.002
1.39459e-006,0.001
1.39509e-006,0
1.39559e-006,0.001
1.39609e-006,-0.002
1.39659e-006,0.001
1.39709e-006,0.003
1.39759e-006,-0.003
1.39809e-006,0
1.39859e-006,0.002
1.39909e-006,-0.003
1.39959e-006,-0.004
1.40009e-006,0.001
1.40059e-006,-0.001
1.40109e-006,0
1.40159e-006,-0.002
1.40209e-006,-0.001
1.40259e-006,-0.001
1.40309e-006,0
1.40359e-006,0
1.40409e-006,0.004
1.40459e-006,0.005
1.40509e-006,0.002
1.40559e-006,0.001
1.40609e-006,0.002
1.40659e-006,-0.001
1.40709e-006,0.001
1.40759e-006,0.005
1.40809e-006,0.002
1.40859e-006,0.001
1.40909e-006,0
1.40959e-006,-0.003
1.41009e-006,0.002
1.41059e-006,0.004
1.41109e-006,0.002
1.41159e-006,-0.004
1.41209e-006,-0.002
1.41259e-006,-0.001
1.41309e-006,0.002
1.41359e-006,-0.001
1.41409e-006,-0.002
1.41459e-006,0
1.41509e-006,0.002
1.41559e-006,0.001
1.41609e-006,-0.003
1.41659e-006,0
1.41709e-006,0.005
1.41759e-006,0.002
1.41809e-006,0.004
1.41859e-006,-0.002
1.41909e-006,0.002
1.41959e-006,0.003
1.42009e-006,0.005
1.42059e-006,0.003
1.42109e-006,0.008
1.42159e-006,0.004
1.42209e-006,0.006
1.42259e-006,0.006
1.42309e-006,0.007
1.42359e-006,0.003
1.42409e-006,0.007
1.42459e-006,0.005
1.42509e-006,0.006
1.42559e-006,0.006
1.42609e-006,0.008
1.42659e-006,0.01
1.42709e-006,0.011
1.42759e-006,0.008
1.42809e-006,0.009
1.42859e-006,0.017
1.42909e-006,0.013
1.42959e-006,0.005
1.43009e-006,0.013
1.43059e-006,0.013
1.43109e-006,0.013
1.43159e-006,0.01
1.43209e-006,0.01
1.43259e-006,0.008
1.43309e-006,0.01
1.43359e-006,0.009
1.43409e-006,0.015
1.43459e-006,0.012
1.43509e-006,0.01
1.43559e-006,0.011
1.43609e-006,0.017
1.43659e-006,0.015
1.43709e-006,0.012
1.43759e-006,0.017
1.43809e-006,0.019
1.43859e-006,0.012
1.43909e-006,0.015
1.43959e-006,0.013
1.44009e-006,0.012
1.44059e-006,0.02
1.44109e-006,0.016
1.44159e-006,0.017
1.44209e-006,0.023
1.44259e-006,0.016
1.44309e-006,0.017
1.44359e-006,0.022
1.44409e-006,0.022
1.44459e-006,0.02
1.44509e-006,0.02
1.44559e-006,0.018
1.44609e-006,0.015
1.44659e-006,0.022
1.44709e-006,0.02
1.44759e-006,0.014
1.44809e-006,0.02
1.44859e-006,0.022
1.44909e-006,0.021
1.44959e-006,0.02
1.45009e-006,0.02
1.45059e-006,0.019
1.45109e-006,0.015
1.45159e-006,0.015
1.45209e-006,0.02
1.45259e-006,0.016
1.45309e-006,0.018
1.45359e-006,0.015
1.45409e-006,0.014
1.45459e-006,0.014
1.45509e-006,0.011
1.45559e-006,0.005
1.45609e-006,0.012
1.45659e-006,0.02
1.45709e-006,0.014
1.45759e-006,0.008
1.45809e-006,0.009
1.45859e-006,0.011
1.45909e-006,0.009
1.45959e-006,0.006
1.46009e-006,0.008
1.46059e-006,0.005
1.46109e-006,0.009
1.46159e-006,0.013
1.46209e-006,0.01
1.46259e-006,0.005
1.46309e-006,0.01
1.46359e-006,0.008
1.46409e-006,0.013
1.46459e-006,0.012
1.46509e-006,0.01
1.46559e-006,0.013
1.46609e-006,0.014
1.46659e-006,0.01
1.46709e-006,0.006
1.46759e-006,0.003
1.46809e-006,0.007
1.46859e-006,0.007
1.46909e-006,0.01
1.46959e-006,0.008
1.47009e-006,0.013
1.47059e-006,0.012
1.47109e-006,0.011
1.47159e-006,0.009
1.47209e-006,0.013
1.47259e-006,0.014
1.47309e-006,0.009
1.47359e-006,0.009
1.47409e-006,0.011
1.47459e-006,0.009
1.47509e-006,0.011
1.47559e-006,0.012
1.47609e-006,0.013
1.47659e-006,0.007
1.47709e-006,0.009
1.47759e-006,0.008
1.47809e-006,0.007
1.47859e-006,0.01
1.47909e-006,0.009
1.47959e-006,0.008
1.48009e-006,0.007
1.48059e-006,0.01
1.48109e-006,0.009
1.48159e-006,0.008
1.48209e-006,0.016
1.48259e-006,0.013
1.48309e-006,0.013
1.48359e-006,0.012
1.48409e-006,0.011
1.48459e-006,0.01
1.48509e-006,0.015
1.48559e-006,0.014
1.48609e-006,0.015
1.48659e-006,0.017
1.48709e-006,0.017
1.48759e-006,0.017
1.48809e-006,0.022
1.48859e-006,0.018
1.48909e-006,0.016
1.48959e-006,0.02
1.49009e-006,0.022
1.49059e-006,0.023
1.49109e-006,0.025
1.49159e-006,0.024
1.49209e-006,0.027
1.49259e-006,0.03
1.49309e-006,0.031
1.49359e-006,0.031
1.49409e-006,0.029
1.49459e-006,0.035
1.49509e-006,0.029
1.49559e-006,0.03
1.49609e-006,0.039
1.49659e-006,0.04
1.49709e-006,0.034
1.49759e-006,0.035
1.49809e-006,0.036
1.49859e-006,0.04
1.49909e-006,0.039
1.49959e-006,0.039
1.50009e-006,0.038
1.50059e-006,0.041
1.50109e-006,0.034
1.50159e-006,0.035
1.50209e-006,0.04
1.50259e-006,0.035
1.50309e-006,0.039
1.50359e-006,0.038
1.50409e-006,0.036
1.50459e-006,0.039
1.50509e-006,0.046
1.50559e-006,0.04
1.50609e-006,0.046
1.50659e-006,0.047
1.50709e-006,0.043
1.50759e-006,0.039
1.50809e-006,0.046
1.50859e-006,0.046
1.50909e-006,0.048
1.50959e-006,0.048
1.51009e-006,0.049
1.51059e-006,0.05
1.51109e-006,0.054
1.51159e-006,0.058
1.51209e-006,0.058
1.51259e-006,0.064
1.51309e-006,0.065
1.51359e-006,0.061
1.51409e-006,0.068
1.51459e-006,0.07
1.51509e-006,0.071
1.51559e-006,0.071
1.51609e-006,0.078
1.51659e-006,0.084
1.51709e-006,0.088
1.51759e-006,0.091
1.51809e-006,0.092
1.51859e-006,0.099
1.51909e-006,0.102
1.51959e-006,0.101
1.52009e-006,0.103
1.52059e-006,0.113
1.52109e-006,0.118
1.52159e-006,0.125
1.52209e-006,0.129
1.52259e-006,0.137
1.52309e-006,0.142
1.52359e-006,0.14
1.52409e-006,0.152
1.52459e-006,0.161
1.52509e-006,0.165
1.52559e-006,0.165
1.52609e-006,0.173
1.52659e-006,0.18
1.52709e-006,0.183
1.52759e-006,0.189
1.52809e-006,0.197
1.52859e-006,0.199
1.52909e-006,0.207
1.52959e-006,0.214
1.53009e-006,0.222
1.53059e-006,0.228
1.53109e-006,0.236
1.53159e-006,0.238
1.53209e-006,0.245
1.53259e-006,0.259
1.53309e-006,0.266
1.53359e-006,0.273
1.53409e-006,0.28
1.53459e-006,0.291
1.53509e-006,0.302
1.53559e-006,0.309
1.53609e-006,0.315
1.53659e-006,0.323
1.53709e-006,0.332
1.53759e-006,0.34
1.53809e-006,0.353
1.53859e-006,0.361
1.53909e-006,0.367
1.53959e-006,0.372
1.54009e-006,0.385
1.54059e-006,0.397
1.54109e-006,0.404
1.54159e-006,0.411
1.54209e-006,0.415
1.54259e-006,0.428
1.54309e-006,0.435
1.54359e-006,0.449
1.54409e-006,0.456
1.54459e-006,0.468
1.54509e-006,0.469
1.54559e-006,0.474
1.54609e-006,0.48
1.54659e-006,0.492
1.54709e-006,0.499
1.54759e-006,0.509
1.54809e-006,0.515
1.54859e-006,0.523
1.54909e-006,0.529
1.54959e-006,0.533
1.55009e-006,0.537
1.55059e-006,0.547
1.55109e-006,0.552
1.55159e-006,0.555
1.55209e-006,0.563
1.55259e-006,0.567
1.55309e-006,0.569
1.55359e-006,0.574
1.55409e-006,0.579
1.55459e-006,0.587
1.55509e-006,0.589
1.55559e-006,0.594
1.55609e-006,0.6
1.55659e-006,0.609
1.55709e-006,0.611
1.55759e-006,0.611
1.55809e-006,0.618
1.55859e-006,0.623
1.55909e-006,0.631
1.55959e-006,0.629
1.56009e-006,0.63
1.56059e-006,0.637
1.56109e-006,0.641
1.56159e-006,0.645
1.56209e-006,0.654
1.56259e-006,0.656
1.56309e-006,0.66
1.56359e-006,0.663
1.56409e-006,0.667
1.56459e-006,0.673
1.56509e-006,0.671
1.56559e-006,0.675
1.56609e-006,0.674
1.56659e-006,0.679
1.56709e-006,0.68
1.56759e-006,0.68
1.56809e-006,0.687
1.56859e-006,0.69
1.56909e-006,0.691
1.56959e-006,0.696
1.57009e-006,0.698
1.57059e-006,0.701
1.57109e-006,0.708
1.57159e-006,0.707
1.57209e-006,0.709
1.57259e-006,0.716
1.57309e-006,0.723
1.57359e-006,0.722
1.57409e-006,0.724
1.57459e-006,0.728
1.57509e-006,0.732
1.57559e-006,0.737
1.57609e-006,0.732
1.57659e-006,0.74
1.57709e-006,0.745
1.57759e-006,0.746
1.57809e-006,0.753
1.57859e-006,0.752
1.57909e-006,0.753
1.57959e-006,0.758
1.58009e-006,0.763
1.58059e-006,0.77
1.58109e-006,0.774
1.58159e-006,0.781
1.58209e-006,0.777
1.58259e-006,0.79
1.58309e-006,0.792
1.58359e-006,0.789
1.58409e-006,0.792
1.58459e-006,0.807
1.58509e-006,0.808
1.58559e-006,0.81
1.58609e-006,0.813
1.58659e-006,0.821
1.58709e-006,0.829
1.58759e-006,0.833
1.58809e-006,0.835
1.58859e-006,0.842
1.58909e-006,0.847
1.58959e-006,0.855
1.59009e-006,0.862
1.59059e-006,0.866
1.59109e-006,0.873
1.59159e-006,0.881
1.59209e-006,0.885
1.59259e-006,0.89
1.59309e-006,0.898
1.59359e-006,0.904
1.59409e-006,0.908
1.59459e-006,0.917
1.59509e-006,0.924
1.59559e-006,0.931
1.59609e-006,0.935
1.59659e-006,0.943
1.59709e-006,0.948
1.59759e-006,0.957
1.59809e-006,0.964
1.59859e-006,0.976
1.59909e-006,0.985
1.59959e-006,0.991
1.60009e-006,0.993
1.60059e-006,1.003
1.60109e-006,1.015
1.60159e-006,1.025
1.60209e-006,1.038
1.60259e-006,1.039
1.60309e-006,1.048
1.60359e-006,1.054
1.60409e-006,1.064
1.60459e-006,1.071
1.60509e-006,1.08
1.60559e-006,1.092
1.60609e-006,1.095
1.60659e-006,1.106
1.60709e-006,1.116
1.60759e-006,1.118
1.60809e-006,1.132
1.60859e-006,1.145
1.60909e-006,1.151
1.60959e-006,1.154
1.61009e-006,1.162
1.61059e-006,1.17
1.61109e-006,1.18
1.61159e-006,1.19
1.61209e-006,1.194
1.61259e-006,1.2
1.61309e-006,1.207
1.61359e-006,1.216
1.61409e-006,1.223
1.61459e-006,1.234
1.61509e-006,1.241
1.61559e-006,1.248
1.61609e-006,1.255
1.61659e-006,1.26
1.61709e-006,1.265
1.61759e-006,1.276
1.61809e-006,1.283
1.61859e-006,1.288
1.61909e-006,1.293
1.61959e-006,1.302
1.62009e-006,1.307
1.62059e-006,1.315
1.62109e-006,1.321
1.62159e-006,1.328
1.62209e-006,1.336
1.62259e-006,1.338
1.62309e-006,1.347
1.62359e-006,1.353
1.62409e-006,1.355
1.62459e-006,1.362
1.62509e-006,1.371
1.62559e-006,1.373
1.62609e-006,1.38
1.62659e-006,1.385
1.62709e-006,1.392
1.62759e-006,1.396
1.62809e-006,1.4
1.62859e-006,1.402
1.62909e-006,1.409
1.62959e-006,1.42
1.63009e-006,1.424
1.63059e-006,1.432
1.63109e-006,1.439
1.63159e-006,1.446
1.63209e-006,1.441
1.63259e-006,1.447
1.63309e-006,1.456
1.63359e-006,1.46
1.63409e-006,1.463
1.63459e-006,1.469
1.63509e-006,1.476
1.63559e-006,1.476
1.63609e-006,1.482
1.63659e-006,1.489
1.63709e-006,1.495
1.63759e-006,1.501
1.63809e-006,1.505
1.63859e-006,1.506
1.63909e-006,1.513
1.63959e-006,1.513
1.64009e-006,1.519
1.64059e-006,1.525
1.64109e-006,1.534
1.64159e-006,1.535
1.64209e-006,1.536
1.64259e-006,1.54
1.64309e-006,1.544
1.64359e-006,1.554
1.64409e-006,1.559
1.64459e-006,1.558
1.64509e-006,1.563
1.64559e-006,1.572
1.64609e-006,1.575
1.64659e-006,1.579
1.64709e-006,1.585
1.64759e-006,1.587
1.64809e-006,1.588
1.64859e-006,1.595
1.64909e-006,1.598
1.64959e-006,1.603
1.65009e-006,1.603
1.65059e-006,1.611
1.65109e-006,1.616
1.65159e-006,1.622
1.65209e-006,1.621
1.65259e-006,1.624
1.65309e-006,1.624
1.65359e-006,1.629
1.65409e-006,1.635
1.65459e-006,1.638
1.65509e-006,1.635
1.65559e-006,1.642
1.65609e-006,1.647
1.65659e-006,1.655
1.65709e-006,1.656
1.65759e-006,1.656
1.65809e-006,1.657
1.65859e-006,1.663
1.65909e-006,1.667
1.65959e-006,1.669
1.66009e-006,1.669
1.66059e-006,1.672
1.66109e-006,1.679
1.66159e-006,1.677
1.66209e-006,1.676
1.66259e-006,1.684
1.66309e-006,1.687
1.66359e-006,1.692
1.66409e-006,1.69
1.66459e-006,1.696
1.66509e-006,1.696
1.66559e-006,1.706
1.66609e-006,1.707
1.66659e-006,1.709
1.66709e-006,1.707
1.66759e-006,1.712
1.66809e-006,1.71
1.66859e-006,1.717
1.66909e-006,1.722
1.66959e-006,1.722
1.67009e-006,1.72
1.67059e-006,1.728
1.67109e-006,1.728
1.67159e-006,1.73
1.67209e-006,1.733
1.67259e-006,1.735
1.67309e-006,1.74
1.67359e-006,1.741
1.67409e-006,1.742
1.67459e-006,1.744
1.67509e-006,1.751
1.67559e-006,1.75
1.67609e-006,1.747
1.67659e-006,1.755
1.67709e-006,1.754
1.67759e-006,1.758
1.67809e-006,1.758
1.67859e-006,1.761
1.67909e-006,1.765
1.67959e-006,1.767
1.68009e-006,1.768
1.68059e-006,1.768
1.68109e-006,1.772
1.68159e-006,1.777
1.68209e-006,1.777
1.68259e-006,1.782
1.68309e-006,1.78
1.68359e-006,1.78
1.68409e-006,1.783
1.68459e-006,1.788
1.68509e-006,1.788
1.68559e-006,1.792
1.68609e-006,1.791
1.68659e-006,1.791
1.68709e-006,1.795
1.68759e-006,1.797
1.68809e-006,1.799
1.68859e-006,1.802
1.68909e-006,1.801
1.68959e-006,1.807
1.69009e-006,1.806
1.69059e-006,1.808
1.69109e-006,1.811
1.69159e-006,1.815
1.69209e-006,1.812
1.69259e-006,1.817
1.69309e-006,1.814
1.69359e-006,1.815
1.69409e-006,1.815
1.69459e-006,1.826
1.69509e-006,1.82
1.69559e-006,1.824
1.69609e-006,1.825
1.69659e-006,1.831
1.69709e-006,1.83
1.69759e-006,1.835
1.69809e-006,1.834
1.69859e-006,1.834
1.69909e-006,1.831
1.69959e-006,1.835
1.70009e-006,1.837
1.70059e-006,1.84
1.70109e-006,1.839
1.70159e-006,1.844
1.70209e-006,1.845
1.70259e-006,1.845
1.70309e-006,1.847
1.70359e-006,1.848
1.70409e-006,1.845
1.70459e-006,1.847
1.70509e-006,1.854
1.70559e-006,1.86
1.70609e-006,1.861
1.70659e-006,1.859
1.70709e-006,1.856
1.70759e-006,1.862
1.70809e-006,1.858
1.70859e-006,1.863
1.70909e-006,1.865
1.70959e-006,1.865
1.71009e-006,1.862
1.71059e-006,1.869
1.71109e-006,1.866
1.71159e-006,1.869
1.71209e-006,1.872
1.71259e-006,1.871
1.71309e-006,1.874
1.71359e-006,1.874
1.71409e-006,1.871
1.71459e-006,1.878
1.71509e-006,1.878
1.71559e-006,1.881
1.71609e-006,1.876
1.71659e-006,1.88
1.71709e-006,1.882
1.71759e-006,1.88
1.71809e-006,1.885
1.71859e-006,1.891
1.71909e-006,1.886
1.71959e-006,1.889
1.72009e-006,1.888
1.72059e-006,1.892
1.72109e-006,1.891
1.72159e-006,1.892
1.72209e-006,1.892
1.72259e-006,1.892
1.72309e-006,1.89
1.72359e-006,1.897
1.72409e-006,1.895
1.72459e-006,1.901
1.72509e-006,1.901
1.72559e-006,1.902
1.72609e-006,1.899
1.72659e-006,1.901
1.72709e-006,1.902
1.72759e-006,1.905
1.72809e-006,1.899
1.72859e-006,1.904
1.72909e-006,1.905
1.72959e-006,1.912
1.73009e-006,1.907
1.73059e-006,1.91
1.73109e-006,1.911
1.73159e-006,1.917
1.73209e-006,1.91
1.73259e-006,1.911
1.73309e-006,1.912
1.73359e-006,1.915
1.73409e-006,1.915
1.73459e-006,1.919
1.73509e-006,1.917
1.73559e-006,1.917
1.73609e-006,1.915
1.73659e-006,1.92
1.73709e-006,1.922
1.73759e-006,1.923
1.73809e-006,1.921
1.73859e-006,1.924
1.73909e-006,1.923
1.73959e-006,1.925
1.74009e-006,1.924
1.74059e-006,1.925
1.74109e-006,1.929
1.74159e-006,1.931
1.74209e-006,1.926
1.74259e-006,1.93
1.74309e-006,1.934
1.74359e-006,1.936
1.74409e-006,1.933
1.74459e-006,1.936
1.74509e-006,1.93
1.74559e-006,1.929
1.74609e-006,1.932
1.74659e-006,1.94
1.74709e-006,1.938
1.74759e-006,1.938
1.74809e-006,1.942
1.74859e-006,1.939
1.74909e-006,1.937
1.74959e-006,1.944
1.75009e-006,1.942
1.75059e-006,1.945
1.75109e-006,1.943
1.75159e-006,1.947
1.75209e-006,1.944
1.75259e-006,1.944
1.75309e-006,1.948
1.75359e-006,1.953
1.75409e-006,1.945
1.75459e-006,1.953
1.75509e-006,1.953
1.75559e-006,1.953
1.75609e-006,1.951
1.75659e-006,1.952
1.75709e-006,1.953
1.75759e-006,1.961
1.75809e-006,1.955
1.75859e-006,1.957
1.75909e-006,1.956
1.75959e-006,1.958
1.76009e-006,1.957
1.76059e-006,1.96
1.76109e-006,1.962
1.76159e-006,1.965
1.76209e-006,1.958
1.76259e-006,1.958
1.76309e-006,1.963
1.76359e-006,1.965
1.76409e-006,1.969
1.76459e-006,1.967
1.76509e-006,1.968
1.76559e-006,1.967
1.76609e-006,1.965
1.76659e-006,1.971
1.76709e-006,1.974
1.76759e-006,1.969
1.76809e-006,1.97
1.76859e-006,1.972
1.76909e-006,1.974
1.76959e-006,1.976
1.77009e-006,1.972
1.77059e-006,1.975
1.77109e-006,1.975
1.77159e-006,1.977
1.77209e-006,1.977
1.77259e-006,1.977
1.77309e-006,1.979
1.77359e-006,1.977
1.77409e-006,1.977
1.77459e-006,1.977
1.77509e-006,1.982
1.77559e-006,1.983
1.77609e-006,1.979
1.77659e-006,1.979
1.77709e-006,1.983
1.77759e-006,1.982
1.77809e-006,1.984
1.77859e-006,1.98
1.77909e-006,1.982
1.77959e-006,1.986
1.78009e-006,1.989
1.78059e-006,1.984
1.78109e-006,1.982
1.78159e-006,1.983
1.78209e-006,1.992
1.78259e-006,1.992
1.78309e-006,1.992
1.78359e-006,1.992
1.78409e-006,1.992
1.78459e-006,1.999
1.78509e-006,1.998
1.78559e-006,1.999
1.78609e-006,1.996
1.78659e-006,1.994
1.78709e-006,1.994
1.78759e-006,1.995
1.78809e-006,1.994
1.78859e-006,1.992
1.78909e-006,1.995
1.78959e-006,1.998
1.79009e-006,1.998
1.79059e-006,1.997
1.79109e-006,1.999
1.79159e-006,2
1.79209e-006,2
1.79259e-006,1.999
1.79309e-006,1.997
1.79359e-006,2.001
1.79409e-006,2.004
1.79459e-006,2
1.79509e-006,2.003
1.79559e-006,2.006
1.79609e-006,2
1.79659e-006,2.003
1.79709e-006,2.009
1.79759e-006,2.005
1.79809e-006,2.007
1.79859e-006,2.01
1.79909e-006,2.004
1.79959e-006,2.007
1.80009e-006,2.009
1.80059e-006,2.01
1.80109e-006,2.003
1.80159e-006,2.006
1.80209e-006,2.013
1.80259e-006,2.01
1.80309e-006,2.006
1.80359e-006,2.012
1.80409e-006,2.009
1.80459e-006,2.008
1.80509e-006,2.01
1.80559e-006,2.009
1.80609e-006,2.009
1.80659e-006,2.009
1.80709e-006,2.01
1.80759e-006,2.014
1.80809e-006,2.016
1.80859e-006,2.013
1.80909e-006,2.018
1.80959e-006,2.017
1.81009e-006,2.015
1.81059e-006,2.017
1.81109e-006,2.016
1.81159e-006,2.018
1.81209e-006,2.016
1.81259e-006,2.014
1.81309e-006,2.018
1.81359e-006,2.019
1.81409e-006,2.021
1.81459e-006,2.022
1.81509e-006,2.023
1.81559e-006,2.019
1.81609e-006,2.022
1.81659e-006,2.022
1.81709e-006,2.023
1.81759e-006,2.024
1.81809e-006,2.026
1.81859e-006,2.023
1.81909e-006,2.027
1.81959e-006,2.028
1.82009e-006,2.029
1.82059e-006,2.026
1.82109e-006,2.029
1.82159e-006,2.024
1.82209e-006,2.029
1.82259e-006,2.028
1.82309e-006,2.032
1.82359e-006,2.027
1.82409e-006,2.031
1.82459e-006,2.034
1.82509e-006,2.031
1.82559e-006,2.029
1.82609e-006,2.032
1.82659e-006,2.035
1.82709e-006,2.036
1.82759e-006,2.037
1.82809e-006,2.035
1.82859e-006,2.031
1.82909e-006,2.033
1.82959e-006,2.034
1.83009e-006,2.037
1.83059e-006,2.038
1.83109e-006,2.041
1.83159e-006,2.036
1.83209e-006,2.038
1.83259e-006,2.039
1.83309e-006,2.042
1.83359e-006,2.039
1.83409e-006,2.038
1.83459e-006,2.038
1.83509e-006,2.043
1.83559e-006,2.041
1.83609e-006,2.041
1.83659e-006,2.045
1.83709e-006,2.044
1.83759e-006,2.042
1.83809e-006,2.043
1.83859e-006,2.041
1.83909e-006,2.043
1.83959e-006,2.043
1.84009e-006,2.043
1.84059e-006,2.043
1.84109e-006,2.05
1.84159e-006,2.05
1.84209e-006,2.051
1.84259e-006,2.05
1.84309e-006,2.044
1.84359e-006,2.049
1.84409e-006,2.047
1.84459e-006,2.048
1.84509e-006,2.051
1.84559e-006,2.049
1.84609e-006,2.049
1.84659e-006,2.054
1.84709e-006,2.052
1.84759e-006,2.045
1.84809e-006,2.05
1.84859e-006,2.052
1.84909e-006,2.051
1.84959e-006,2.048
1.85009e-006,2.052
1.85059e-006,2.055
1.85109e-006,2.051
1.85159e-006,2.05
1.85209e-006,2.049
1.85259e-006,2.05
1.85309e-006,2.053
1.85359e-006,2.057
1.85409e-006,2.051
1.85459e-006,2.049
1.85509e-006,2.054
1.85559e-006,2.054
1.85609e-006,2.053
1.85659e-006,2.052
1.85709e-006,2.052
1.85759e-006,2.054
1.85809e-006,2.055
1.85859e-006,2.05
1.85909e-006,2.054
1.85959e-006,2.057
1.86009e-006,2.052
1.86059e-006,2.053
1.86109e-006,2.052
1.86159e-006,2.053
1.86209e-006,2.056
1.86259e-006,2.06
1.86309e-006,2.058
1.86359e-006,2.053
1.86409e-006,2.053
1.86459e-006,2.058
1.86509e-006,2.06
1.86559e-006,2.056
1.86609e-006,2.056
1.86659e-006,2.059
1.86709e-006,2.058
1.86759e-006,2.058
1.86809e-006,2.065
1.86859e-006,2.066
1.86909e-006,2.056
1.86959e-006,2.06
1.87009e-006,2.06
1.87059e-006,2.056
1.87109e-006,2.059
1.87159e-006,2.065
1.87209e-006,2.062
1.87259e-006,2.063
1.87309e-006,2.065
1.87359e-006,2.064
1.87409e-006,2.061
1.87459e-006,2.067
1.87509e-006,2.066
1.87559e-006,2.067
1.87609e-006,2.068
1.87659e-006,2.07
1.87709e-006,2.07
1.87759e-006,2.071
1.87809e-006,2.069
1.87859e-006,2.07
1.87909e-006,2.071
1.87959e-006,2.066
1.88009e-006,2.07
1.88059e-006,2.074
1.88109e-006,2.075
1.88159e-006,2.072
1.88209e-006,2.07
1.88259e-006,2.075
1.88309e-006,2.074
1.88359e-006,2.069
1.88409e-006,2.07
1.88459e-006,2.07
1.88509e-006,2.069
1.88559e-006,2.071
1.88609e-006,2.071
1.88659e-006,2.069
1.88709e-006,2.073
1.88759e-006,2.07
1.88809e-006,2.071
1.88859e-006,2.073
1.88909e-006,2.071
1.88959e-006,2.067
1.89009e-006,2.068
1.89059e-006,2.071
1.89109e-006,2.075
1.89159e-006,2.072
1.89209e-006,2.07
1.89259e-006,2.071
1.89309e-006,2.069
1.89359e-006,2.07
1.89409e-006,2.071
1.89459e-006,2.069
1.89509e-006,2.069
1.89559e-006,2.069
1.89609e-006,2.068
1.89659e-006,2.067
1.89709e-006,2.067
1.89759e-006,2.066
1.89809e-006,2.069
1.89859e-006,2.063
1.89909e-006,2.067
1.89959e-006,2.066
1.90009e-006,2.065
1.90059e-006,2.068
1.90109e-006,2.066
1.90159e-006,2.059
1.90209e-006,2.064
1.90259e-006,2.064
1.90309e-006,2.065
1.90359e-006,2.063
1.90409e-006,2.063
1.90459e-006,2.064
1.90509e-006,2.062
1.90559e-006,2.061
1.90609e-006,2.062
1.90659e-006,2.058
1.90709e-006,2.059
1.90759e-006,2.056
1.90809e-006,2.058
1.90859e-006,2.059
1.90909e-006,2.064
1.90959e-006,2.061
1.91009e-006,2.062
1.91059e-006,2.06
1.91109e-006,2.057
1.91159e-006,2.056
1.91209e-006,2.058
1.91259e-006,2.058
1.91309e-006,2.058
1.91359e-006,2.057
1.91409e-006,2.057
1.91459e-006,2.058
1.91509e-006,2.058
1.91559e-006,2.058
1.91609e-006,2.06
1.91659e-006,2.06
1.91709e-006,2.061
1.91759e-006,2.061
1.91809e-006,2.063
1.91859e-006,2.058
1.91909e-006,2.061
1.91959e-006,2.059
1.92009e-006,2.059
1.92059e-006,2.057
1.92109e-006,2.064
1.92159e-006,2.061
1.92209e-006,2.067
1.92259e-006,2.068
1.92309e-006,2.065
1.92359e-006,2.066
1.92409e-006,2.069
1.92459e-006,2.072
1.92509e-006,2.075
1.92559e-006,2.078
1.92609e-006,2.077
1.92659e-006,2.081
1.92709e-006,2.077
1.92759e-006,2.074
1.92809e-006,2.073
1.92859e-006,2.078
1.92909e-006,2.084
1.92959e-006,2.081
1.93009e-006,2.08
1.93059e-006,2.084
1.93109e-006,2.086
1.93159e-006,2.087
1.93209e-006,2.088
1.93259e-006,2.09
1.93309e-006,2.089
1.93359e-006,2.087
1.93409e-006,2.089
1.93459e-006,2.096
1.93509e-006,2.093
1.93559e-006,2.093
1.93609e-006,2.094
1.93659e-006,2.093
1.93709e-006,2.091
1.93759e-006,2.094
1.93809e-006,2.101
1.93859e-006,2.099
1.93909e-006,2.095
1.93959e-006,2.092
1.94009e-006,2.093
1.94059e-006,2.098
1.94109e-006,2.099
1.94159e-006,2.097
1.94209e-006,2.096
1.94259e-006,2.096
1.94309e-006,2.099
1.94359e-006,2.102
1.94409e-006,2.105
1.94459e-006,2.103
1.94509e-006,2.102
1.94559e-006,2.101
1.94609e-006,2.099
1.94659e-006,2.102
1.94709e-006,2.105
1.94759e-006,2.1
1.94809e-006,2.099
1.94859e-006,2.103
1.94909e-006,2.105
1.94959e-006,2.102
1.95009e-006,2.106
1.95059e-006,2.104
1.95109e-006,2.103
1.95159e-006,2.101
1.95209e-006,2.102
1.95259e-006,2.102
1.95309e-006,2.106
1.95359e-006,2.106
1.95409e-006,2.107
1.95459e-006,2.106
1.95509e-006,2.104
1.95559e-006,2.107
1.95609e-006,2.11
1.95659e-006,2.104
1.95709e-006,2.11
1.95759e-006,2.109
1.95809e-006,2.109
1.95859e-006,2.106
1.95909e-006,2.105
1.95959e-006,2.105
1.96009e-006,2.104
1.96059e-006,2.107
1.96109e-006,2.105
1.96159e-006,2.102
1.96209e-006,2.101
1.96259e-006,2.105
1.96309e-006,2.106
1.96359e-006,2.103
1.96409e-006,2.103
1.96459e-006,2.103
1.96509e-006,2.105
1.96559e-006,2.106
1.96609e-006,2.104
1.96659e-006,2.1
1.96709e-006,2.105
1.96759e-006,2.106
1.96809e-006,2.099
1.96859e-006,2.098
1.96909e-006,2.102
1.96959e-006,2.1
1.97009e-006,2.095
1.97059e-006,2.099
1.97109e-006,2.102
1.97159e-006,2.101
1.97209e-006,2.1
1.97259e-006,2.099
1.97309e-006,2.098
1.97359e-006,2.096
1.97409e-006,2.097
1.97459e-006,2.098
1.97509e-006,2.1
1.97559e-006,2.098
1.97609e-006,2.098
1.97659e-006,2.095
1.97709e-006,2.093
1.97759e-006,2.091
1.97809e-006,2.098
1.97859e-006,2.098
1.97909e-006,2.093
1.97959e-006,2.096
1.98009e-006,2.099
1.98059e-006,2.096
1.98109e-006,2.093
1.98159e-006,2.094
1.98209e-006,2.094
1.98259e-006,2.093
1.98309e-006,2.099
1.98359e-006,2.099
1.98409e-006,2.099
1.98459e-006,2.095
1.98509e-006,2.097
1.98559e-006,2.099
1.98609e-006,2.104
1.98659e-006,2.1
1.98709e-006,2.103
1.98759e-006,2.103
1.98809e-006,2.096
1.98859e-006,2.103
1.98909e-006,2.109
1.98959e-006,2.101
1.99009e-006,2.101
1.99059e-006,2.108
1.99109e-006,2.108
1.99159e-006,2.101
1.99209e-006,2.105
1.99259e-006,2.108
1.99309e-006,2.107
1.99359e-006,2.105
1.99409e-006,2.108
1.99459e-006,2.107
1.99509e-006,2.109
1.99559e-006,2.106
1.99609e-006,2.108
1.99659e-006,2.112
1.99709e-006,2.116
1.99759e-006,2.11
1.99809e-006,2.111
1.99859e-006,2.108
1.99909e-006,2.111
1.99959e-006,2.11
2.00009e-006,2.115
2.00059e-006,2.116
2.00109e-006,2.119
2.00159e-006,2.115
2.00209e-006,2.12
2.00259e-006,2.125
2.00309e-006,2.125
2.00359e-006,2.118
2.00409e-006,2.118
2.00459e-006,2.122
2.00509e-006,2.12
2.00559e-006,2.117
2.00609e-006,2.123
2.00659e-006,2.123
2.00709e-006,2.122
2.00759e-006,2.122
2.00809e-006,2.124
2.00859e-006,2.123
2.00909e-006,2.127
2.00959e-006,2.123
2.01009e-006,2.122
2.01059e-006,2.125
2.01109e-006,2.126
2.01159e-006,2.124
2.01209e-006,2.122
2.01259e-006,2.126
2.01309e-006,2.129
2.01359e-006,2.124
2.01409e-006,2.127
2.01459e-006,2.126
2.01509e-006,2.129
2.01559e-006,2.129
2.01609e-006,2.132
2.01659e-006,2.128
2.01709e-006,2.129
2.01759e-006,2.134
2.01809e-006,2.128
2.01859e-006,2.129
2.01909e-006,2.128
2.01959e-006,2.128
2.02009e-006,2.134
2.02059e-006,2.135
2.02109e-006,2.131
2.02159e-006,2.132
2.02209e-006,2.13
2.02259e-006,2.127
2.02309e-006,2.134
2.02359e-006,2.137
2.02409e-006,2.128
2.02459e-006,2.129
2.02509e-006,2.134
2.02559e-006,2.134
2.02609e-006,2.132
2.02659e-006,2.138
2.02709e-006,2.132
2.02759e-006,2.13
2.02809e-006,2.13
2.02859e-006,2.134
2.02909e-006,2.136
2.02959e-006,2.138
2.03009e-006,2.134
2.03059e-006,2.135
2.03109e-006,2.139
2.03159e-006,2.137
2.03209e-006,2.133
2.03259e-006,2.136
2.03309e-006,2.14
2.03359e-006,2.137
2.03409e-006,2.133
2.03459e-006,2.135
2.03509e-006,2.132
2.03559e-006,2.134
2.03609e-006,2.137
2.03659e-006,2.137
2.03709e-006,2.138
2.03759e-006,2.139
2.03809e-006,2.136
2.03859e-006,2.133
2.03909e-006,2.136
2.03959e-006,2.138
2.04009e-006,2.142
2.04059e-006,2.138
2.04109e-006,2.139
2.04159e-006,2.142
2.04209e-006,2.137
2.04259e-006,2.141
2.04309e-006,2.141
2.04359e-006,2.141
2.04409e-006,2.136
2.04459e-006,2.137
2.04509e-006,2.138
2.04559e-006,2.142
2.04609e-006,2.14
2.04659e-006,2.14
2.04709e-006,2.139
2.04759e-006,2.142
2.04809e-006,2.14
2.04859e-006,2.14
2.04909e-006,2.139
2.04959e-006,2.14
2.05009e-006,2.138
2.05059e-006,2.14
2.05109e-006,2.141
2.05159e-006,2.143
2.05209e-006,2.139
2.05259e-006,2.141
2.05309e-006,2.139
2.05359e-006,2.142
2.05409e-006,2.142
2.05459e-006,2.143
2.05509e-006,2.143
2.05559e-006,2.141
2.05609e-006,2.141
2.05659e-006,2.14
2.05709e-006,2.141
2.05759e-006,2.141
2.05809e-006,2.14
2.05859e-006,2.141
2.05909e-006,2.14
2.05959e-006,2.141
2.06009e-006,2.139
2.06059e-006,2.142
2.06109e-006,2.147
2.06159e-006,2.142
2.06209e-006,2.142
2.06259e-006,2.143
2.06309e-006,2.144
2.06359e-006,2.141
2.06409e-006,2.139
2.06459e-006,2.144
2.06509e-006,2.145
2.06559e-006,2.152
2.06609e-006,2.147
2.06659e-006,2.141
2.06709e-006,2.144
2.06759e-006,2.145
2.06809e-006,2.143
2.06859e-006,2.145
2.06909e-006,2.144
2.06959e-006,2.15
2.07009e-006,2.147
2.07059e-006,2.149
2.07109e-006,2.152
2.07159e-006,2.154
2.07209e-006,2.143
2.07259e-006,2.144
2.07309e-006,2.149
2.07359e-006,2.148
2.07409e-006,2.151
2.07459e-006,2.145
2.07509e-006,2.147
2.07559e-006,2.147
2.07609e-006,2.145
2.07659e-006,2.147
2.07709e-006,2.148
2.07759e-006,2.15
2.07809e-006,2.146
2.07859e-006,2.148
2.07909e-006,2.149
2.07959e-006,2.152
2.08009e-006,2.147
2.08059e-006,2.144
2.08109e-006,2.146
2.08159e-006,2.153
2.08209e-006,2.152
2.08259e-006,2.15
2.08309e-006,2.148
2.08359e-006,2.149
2.08409e-006,2.152
2.08459e-006,2.15
2.08509e-006,2.149
2.08559e-006,2.15
2.08609e-006,2.153
2.08659e-006,2.149
2.08709e-006,2.149
2.08759e-006,2.149
2.08809e-006,2.15
2.08859e-006,2.149
2.08909e-006,2.148
2.08959e-006,2.154
2.09009e-006,2.152
2.09059e-006,2.149
2.09109e-006,2.149
2.09159e-006,2.153
2.09209e-006,2.154
2.09259e-006,2.157
2.09309e-006,2.155
2.09359e-006,2.148
2.09409e-006,2.151
2.09459e-006,2.151
2.09509e-006,2.15
2.09559e-006,2.149
2.09609e-006,2.153
2.09659e-006,2.154
2.09709e-006,2.147
2.09759e-006,2.145
2.09809e-006,2.151
2.09859e-006,2.151
2.09909e-006,2.149
2.09959e-006,2.155
2.10009e-006,2.149
2.10059e-006,2.146
2.10109e-006,2.147
2.10159e-006,2.148
2.10209e-006,2.149
2.10259e-006,2.152
2.10309e-006,2.154
2.10359e-006,2.154
2.10409e-006,2.151
2.10459e-006,2.153
2.10509e-006,2.151
2.10559e-006,2.15
2.10609e-006,2.15
2.10659e-006,2.153
2.10709e-006,2.156
2.10759e-006,2.157
2.10809e-006,2.149
2.10859e-006,2.153
2.10909e-006,2.152
2.10959e-006,2.159
2.11009e-006,2.149
2.11059e-006,2.151
2.11109e-006,2.152
2.11159e-006,2.157
2.11209e-006,2.15
2.11259e-006,2.154
2.11309e-006,2.149
2.11359e-006,2.153
2.11409e-006,2.154
2.11459e-006,2.15
2.11509e-006,2.152
2.11559e-006,2.155
2.11609e-006,2.152
2.11659e-006,2.154
2.11709e-006,2.154
2.11759e-006,2.157
2.11809e-006,2.152
2.11859e-006,2.149
2.11909e-006,2.152
2.11959e-006,2.158
2.12009e-006,2.155
2.12059e-006,2.152
2.12109e-006,2.151
2.12159e-006,2.153
2.12209e-006,2.154
2.12259e-006,2.155
2.12309e-006,2.156
2.12359e-006,2.156
2.12409e-006,2.156
2.12459e-006,2.157
2.12509e-006,2.158
2.12559e-006,2.151
2.12609e-006,2.153
2.12659e-006,2.155
2.12709e-006,2.154
2.12759e-006,2.155
2.12809e-006,2.156
2.12859e-006,2.158
2.12909e-006,2.156
2.12959e-006,2.155
2.13009e-006,2.156
2.13059e-006,2.156
2.13109e-006,2.154
2.13159e-006,2.157
2.13209e-006,2.155
2.13259e-006,2.158
2.13309e-006,2.157
2.13359e-006,2.159
2.13409e-006,2.155
2.13459e-006,2.155
2.13509e-006,2.159
2.13559e-006,2.165
2.13609e-006,2.155
2.13659e-006,2.161
2.13709e-006,2.162
2.13759e-006,2.156
2.13809e-006,2.157
2.13859e-006,2.156
2.13909e-006,2.156
2.13959e-006,2.159
2.14009e-006,2.158
2.14059e-006,2.158
2.14109e-006,2.158
2.14159e-006,2.16
2.14209e-006,2.158
2.14259e-006,2.159
2.14309e-006,2.161
2.14359e-006,2.163
2.14409e-006,2.163
2.14459e-006,2.163
2.14509e-006,2.157
2.14559e-006,2.156
2.14609e-006,2.158
2.14659e-006,2.162
2.14709e-006,2.159
2.14759e-006,2.162
2.14809e-006,2.159
2.14859e-006,2.159
2.14909e-006,2.162
2.14959e-006,2.163
2.15009e-006,2.162
2.15059e-006,2.163
2.15109e-006,2.159
2.15159e-006,2.16
2.15209e-006,2.163
2.15259e-006,2.161
2.15309e-006,2.157
2.15359e-006,2.163
2.15409e-006,2.165
2.15459e-006,2.163
2.15509e-006,2.16
2.15559e-006,2.161
2.15609e-006,2.16
2.15659e-006,2.161
2.15709e-006,2.162
2.15759e-006,2.161
2.15809e-006,2.161
2.15859e-006,2.158
2.15909e-006,2.156
2.15959e-006,2.165
2.16009e-006,2.158
2.16059e-006,2.16
2.16109e-006,2.162
2.16159e-006,2.162
2.16209e-006,2.163
2.16259e-006,2.16
2.16309e-006,2.158
2.16359e-006,2.164
2.16409e-006,2.161
2.16459e-006,2.161
2.16509e-006,2.168
2.16559e-006,2.162
2.16609e-006,2.162
2.16659e-006,2.166
2.16709e-006,2.163
2.16759e-006,2.168
2.16809e-006,2.163
2.16859e-006,2.161
2.16909e-006,2.162
2.16959e-006,2.161
2.17009e-006,2.164
2.17059e-006,2.165
2.17109e-006,2.164
2.17159e-006,2.162
2.17209e-006,2.161
2.17259e-006,2.165
2.17309e-006,2.162
2.17359e-006,2.162
2.17409e-006,2.163
2.17459e-006,2.166
2.17509e-006,2.166
2.17559e-006,2.163
2.17609e-006,2.16
2.17659e-006,2.164
2.17709e-006,2.16
2.17759e-006,2.162
2.17809e-006,2.165
2.17859e-006,2.165
2.17909e-006,2.163
2.17959e-006,2.165
2.18009e-006,2.161
2.18059e-006,2.165
2.18109e-006,2.161
2.18159e-006,2.164
2.18209e-006,2.167
2.18259e-006,2.166
2.18309e-006,2.163
2.18359e-006,2.163
2.18409e-006,2.166
2.18459e-006,2.169
2.18509e-006,2.166
2.18559e-006,2.167
2.18609e-006,2.167
2.18659e-006,2.163
2.18709e-006,2.166
2.18759e-006,2.166
2.18809e-006,2.165
2.18859e-006,2.168
2.18909e-006,2.162
2.18959e-006,2.163
2.19009e-006,2.163
2.19059e-006,2.163
2.19109e-006,2.165
2.19159e-006,2.17
2.19209e-006,2.165
2.19259e-006,2.171
2.19309e-006,2.165
2.19359e-006,2.164
2.19409e-006,2.168
2.19459e-006,2.167
2.19509e-006,2.166
2.19559e-006,2.168
2.19609e-006,2.169
2.19659e-006,2.169
2.19709e-006,2.162
2.19759e-006,2.167
2.19809e-006,2.166
2.19859e-006,2.16
2.19909e-006,2.163
2.19959e-006,2.166
2.20009e-006,2.167
2.20059e-006,2.17
2.20109e-006,2.165
2.20159e-006,2.167
2.20209e-006,2.167
2.20259e-006,2.164
2.20309e-006,2.164
2.20359e-006,2.17
2.20409e-006,2.167
2.20459e-006,2.165
2.20509e-006,2.172
2.20559e-006,2.171
2.20609e-006,2.168
2.20659e-006,2.169
2.20709e-006,2.165
2.20759e-006,2.169
2.20809e-006,2.169
2.20859e-006,2.168
2.20909e-006,2.17
2.20959e-006,2.172
2.21009e-006,2.168
2.21059e-006,2.17
2.21109e-006,2.165
2.21159e-006,2.17
2.21209e-006,2.166
2.21259e-006,2.17
2.21309e-006,2.172
2.21359e-006,2.168
2.21409e-006,2.165
2.21459e-006,2.168
2.21509e-006,2.165
2.21559e-006,2.167
2.21609e-006,2.167
2.21659e-006,2.17
2.21709e-006,2.169
2.21759e-006,2.169
2.21809e-006,2.173
2.21859e-006,2.171
2.21909e-006,2.169
2.21959e-006,2.173
2.22009e-006,2.169
2.22059e-006,2.17
2.22109e-006,2.172
2.22159e-006,2.17
2.22209e-006,2.17
2.22259e-006,2.17
2.22309e-006,2.174
2.22359e-006,2.172
2.22409e-006,2.167
2.22459e-006,2.17
2.22509e-006,2.17
2.22559e-006,2.175
2.22609e-006,2.176
2.22659e-006,2.174
2.22709e-006,2.172
2.22759e-006,2.173
2.22809e-006,2.169
2.22859e-006,2.17
2.22909e-006,2.168
2.22959e-006,2.172
2.23009e-006,2.17
2.23059e-006,2.167
2.23109e-006,2.17
2.23159e-006,2.173
2.23209e-006,2.167
2.23259e-006,2.172
2.23309e-006,2.172
2.23359e-006,2.174
2.23409e-006,2.171
2.23459e-006,2.177
2.23509e-006,2.172
2.23559e-006,2.175
2.23609e-006,2.171
2.23659e-006,2.172
2.23709e-006,2.171
2.23759e-006,2.169
2.23809e-006,2.174
2.23859e-006,2.175
2.23909e-006,2.172
2.23959e-006,2.176
2.24009e-006,2.169
2.24059e-006,2.167
2.24109e-006,2.169
2.24159e-006,2.172
2.24209e-006,2.172
2.24259e-006,2.173
2.24309e-006,2.17
2.24359e-006,2.172
2.24409e-006,2.17
2.24459e-006,2.176
2.24509e-006,2.168
2.24559e-006,2.171
2.24609e-006,2.172
2.24659e-006,2.173
2.24709e-006,2.172
2.24759e-006,2.172
2.24809e-006,2.169
2.24859e-006,2.171
2.24909e-006,2.173
2.24959e-006,2.173
2.25009e-006,2.17
2.25059e-006,2.171
2.25109e-006,2.168
2.25159e-006,2.169
2.25209e-006,2.171
2.25259e-006,2.175
2.25309e-006,2.173
2.25359e-006,2.168
2.25409e-006,2.164
2.25459e-006,2.17
2.25509e-006,2.17
2.25559e-006,2.168
2.25609e-006,2.166
2.25659e-006,2.173
2.25709e-006,2.172
2.25759e-006,2.17
2.25809e-006,2.166
2.25859e-006,2.17
2.25909e-006,2.168
2.25959e-006,2.173
2.26009e-006,2.171
2.26059e-006,2.172
2.26109e-006,2.173
2.26159e-006,2.172
2.26209e-006,2.173
2.26259e-006,2.173
2.26309e-006,2.168
2.26359e-006,2.169
2.26409e-006,2.168
2.26459e-006,2.17
2.26509e-006,2.167
2.26559e-006,2.163
2.26609e-006,2.162
2.26659e-006,2.17
2.26709e-006,2.168
2.26759e-006,2.168
2.26809e-006,2.169
2.26859e-006,2.176
2.26909e-006,2.173
2.26959e-006,2.17
2.27009e-006,2.172
2.27059e-006,2.174
2.27109e-006,2.17
2.27159e-006,2.173
2.27209e-006,2.167
2.27259e-006,2.17
2.27309e-006,2.169
2.27359e-006,2.172
2.27409e-006,2.175
2.27459e-006,2.172
2.27509e-006,2.165
2.27559e-006,2.17
2.27609e-006,2.17
2.27659e-006,2.173
2.27709e-006,2.175
2.27759e-006,2.168
2.27809e-006,2.169
2.27859e-006,2.17
2.27909e-006,2.169
2.27959e-006,2.17
2.28009e-006,2.167
2.28059e-006,2.171
2.28109e-006,2.171
2.28159e-006,2.172
2.28209e-006,2.171
2.28259e-006,2.171
2.28309e-006,2.175
2.28359e-006,2.177
2.28409e-006,2.176
2.28459e-006,2.177
2.28509e-006,2.171
2.28559e-006,2.173
2.28609e-006,2.176
2.28659e-006,2.174
2.28709e-006,2.173
2.28759e-006,2.173
2.28809e-006,2.173
2.28859e-006,2.179
2.28909e-006,2.175
2.28959e-006,2.172
2.29009e-006,2.174
2.29059e-006,2.178
2.29109e-006,2.174
2.29159e-006,2.176
2.29209e-006,2.17
2.29259e-006,2.173
2.29309e-006,2.172
2.29359e-006,2.175
2.29409e-006,2.173
2.29459e-006,2.175
2.29509e-006,2.174
2.29559e-006,2.176
2.29609e-006,2.173
2.29659e-006,2.173
2.29709e-006,2.173
2.29759e-006,2.172
2.29809e-006,2.174
2.29859e-006,2.176
2.29909e-006,2.174
2.29959e-006,2.174
2.30009e-006,2.175
2.30059e-006,2.172
2.30109e-006,2.171
2.30159e-006,2.175
2.30209e-006,2.173
2.30259e-006,2.175
2.30309e-006,2.176
2.30359e-006,2.173
2.30409e-006,2.174
2.30459e-006,2.17
2.30509e-006,2.168
2.30559e-006,2.173
2.30609e-006,2.175
2.30659e-006,2.173
2.30709e-006,2.171
2.30759e-006,2.169
2.30809e-006,2.17
2.30859e-006,2.171
2.30909e-006,2.17
2.30959e-006,2.17
2.31009e-006,2.17
2.31059e-006,2.171
2.31109e-006,2.173
2.31159e-006,2.173
2.31209e-006,2.172
2.31259e-006,2.175
2.31309e-006,2.173
2.31359e-006,2.173
2.31409e-006,2.172
2.31459e-006,2.171
2.31509e-006,2.173
2.31559e-006,2.175
2.31609e-006,2.168
2.31659e-006,2.174
2.31709e-006,2.172
2.31759e-006,2.172
2.31809e-006,2.174
2.31859e-006,2.172
2.31909e-006,2.17
2.31959e-006,2.175
2.32009e-006,2.171
2.32059e-006,2.172
2.32109e-006,2.172
2.32159e-006,2.17
2.32209e-006,2.17
2.32259e-006,2.175
2.32309e-006,2.175
2.32359e-006,2.172
2.32409e-006,2.17
2.32459e-006,2.172
2.32509e-006,2.17
2.32559e-006,2.172
2.32609e-006,2.174
2.32659e-006,2.171
2.32709e-006,2.169
2.32759e-006,2.171
2.32809e-006,2.17
2.32859e-006,2.173
2.32909e-006,2.175
2.32959e-006,2.177
2.33009e-006,2.169
2.33059e-006,2.169
2.33109e-006,2.169
2.33159e-006,2.169
2.33209e-006,2.173
2.33259e-006,2.174
2.33309e-006,2.172
2.33359e-006,2.171
2.33409e-006,2.171
2.33459e-006,2.17
2.33509e-006,2.172
2.33559e-006,2.175
2.33609e-006,2.175
2.33659e-006,2.177
2.33709e-006,2.179
2.33759e-006,2.177
2.33809e-006,2.175
2.33859e-006,2.175
2.33909e-006,2.174
2.33959e-006,2.18
2.34009e-006,2.178
2.34059e-006,2.175
2.34109e-006,2.179
2.34159e-006,2.174
2.34209e-006,2.174
2.34259e-006,2.178
2.34309e-006,2.174
2.34359e-006,2.179
2.34409e-006,2.18
2.34459e-006,2.181
2.34509e-006,2.176
2.34559e-006,2.182
2.34609e-006,2.177
2.34659e-006,2.182
2.34709e-006,2.178
2.34759e-006,2.181
2.34809e-006,2.181
2.34859e-006,2.181
2.34909e-006,2.177
2.34959e-006,2.179
2.35009e-006,2.179
2.35059e-006,2.18
2.35109e-006,2.183
2.35159e-006,2.18
2.35209e-006,2.178
2.35259e-006,2.182
2.35309e-006,2.178
2.35359e-006,2.18
2.35409e-006,2.185
2.35459e-006,2.181
2.35509e-006,2.182
2.35559e-006,2.181
2.35609e-006,2.177
2.35659e-006,2.178
2.35709e-006,2.182
2.35759e-006,2.181
2.35809e-006,2.183
2.35859e-006,2.182
2.35909e-006,2.183
2.35959e-006,2.178
2.36009e-006,2.175
2.36059e-006,2.178
2.36109e-006,2.176
2.36159e-006,2.181
2.36209e-006,2.178
2.36259e-006,2.182
2.36309e-006,2.178
2.36359e-006,2.18
2.36409e-006,2.18
2.36459e-006,2.182
2.36509e-006,2.18
2.36559e-006,2.18
2.36609e-006,2.178
2.36659e-006,2.183
2.36709e-006,2.18
2.36759e-006,2.186
2.36809e-006,2.184
2.36859e-006,2.186
2.36909e-006,2.183
2.36959e-006,2.181
2.37009e-006,2.178
2.37059e-006,2.186
2.37109e-006,2.183
2.37159e-006,2.182
2.37209e-006,2.18
2.37259e-006,2.181
2.37309e-006,2.182
2.37359e-006,2.185
2.37409e-006,2.182
2.37459e-006,2.181
2.37509e-006,2.181
2.37559e-006,2.184
2.37609e-006,2.178
2.37659e-006,2.183
2.37709e-006,2.18
2.37759e-006,2.179
2.37809e-006,2.182
2.37859e-006,2.185
2.37909e-006,2.184
2.37959e-006,2.183
2.38009e-006,2.179
2.38059e-006,2.184
2.38109e-006,2.181
2.38159e-006,2.184
2.38209e-006,2.179
2.38259e-006,2.182
2.38309e-006,2.183
2.38359e-006,2.185
2.38409e-006,2.179
2.38459e-006,2.181
2.38509e-006,2.18
2.38559e-006,2.182
2.38609e-006,2.18
2.38659e-006,2.184
2.38709e-006,2.18
2.38759e-006,2.181
2.38809e-006,2.177
2.38859e-006,2.181
2.38909e-006,2.18
2.38959e-006,2.178
2.39009e-006,2.179
2.39059e-006,2.184
2.39109e-006,2.177
2.39159e-006,2.178
2.39209e-006,2.178
2.39259e-006,2.179
2.39309e-006,2.179
2.39359e-006,2.182
2.39409e-006,2.176
2.39459e-006,2.179
2.39509e-006,2.18
2.39559e-006,2.184
2.39609e-006,2.181
2.39659e-006,2.18
2.39709e-006,2.175
2.39759e-006,2.175
2.39809e-006,2.174
2.39859e-006,2.173
2.39909e-006,2.178
2.39959e-006,2.179
2.40009e-006,2.178
2.40059e-006,2.18
2.40109e-006,2.175
2.40159e-006,2.176
2.40209e-006,2.181
2.40259e-006,2.181
2.40309e-006,2.175
2.40359e-006,2.176
2.40409e-006,2.175
2.40459e-006,2.174
2.40509e-006,2.173
2.40559e-006,2.181
2.40609e-006,2.177
2.40659e-006,2.174
2.40709e-006,2.173
2.40759e-006,2.175
2.40809e-006,2.17
2.40859e-006,2.174
2.40909e-006,2.175
2.40959e-006,2.174
2.41009e-006,2.172
2.41059e-006,2.172
2.41109e-006,2.171
2.41159e-006,2.177
2.41209e-006,2.172
2.41259e-006,2.171
2.41309e-006,2.169
2.41359e-006,2.172
2.41409e-006,2.174
2.41459e-006,2.169
2.41509e-006,2.167
2.41559e-006,2.173
2.41609e-006,2.164
2.41659e-006,2.166
2.41709e-006,2.166
2.41759e-006,2.161
2.41809e-006,2.158
2.41859e-006,2.164
2.41909e-006,2.162
2.41959e-006,2.159
2.42009e-006,2.155
2.42059e-006,2.156
2.42109e-006,2.158
2.42159e-006,2.155
2.42209e-006,2.155
2.42259e-006,2.152
2.42309e-006,2.149
2.42359e-006,2.146
2.42409e-006,2.145
2.42459e-006,2.145
2.42509e-006,2.144
2.42559e-006,2.146
2.42609e-006,2.144
2.42659e-006,2.139
2.42709e-006,2.133
2.42759e-006,2.136
2.42809e-006,2.135
2.42859e-006,2.134
2.42909e-006,2.132
2.42959e-006,2.129
2.43009e-006,2.124
2.43059e-006,2.121
2.43109e-006,2.116
2.43159e-006,2.116
2.43209e-006,2.116
2.43259e-006,2.115
2.43309e-006,2.111
2.43359e-006,2.104
2.43409e-006,2.104
2.43459e-006,2.103
2.43509e-006,2.101
2.43559e-006,2.1
2.43609e-006,2.096
2.43659e-006,2.09
2.43709e-006,2.09
2.43759e-006,2.086
2.43809e-006,2.083
2.43859e-006,2.082
2.43909e-006,2.079
2.43959e-006,2.071
2.44009e-006,2.067
2.44059e-006,2.061
2.44109e-006,2.062
2.44159e-006,2.062
2.44209e-006,2.059
2.44259e-006,2.051
2.44309e-006,2.046
2.44359e-006,2.035
2.44409e-006,2.033
2.44459e-006,2.034
2.44509e-006,2.033
2.44559e-006,2.027
2.44609e-006,2.022
2.44659e-006,2.017
2.44709e-006,2.016
2.44759e-006,2.011
2.44809e-006,2.004
2.44859e-006,2.004
2.44909e-006,1.997
2.44959e-006,1.988
2.45009e-006,1.991
2.45059e-006,1.988
2.45109e-006,1.982
2.45159e-006,1.979
2.45209e-006,1.969
2.45259e-006,1.964
2.45309e-006,1.96
2.45359e-006,1.956
2.45409e-006,1.947
2.45459e-006,1.946
2.45509e-006,1.94
2.45559e-006,1.939
2.45609e-006,1.927
2.45659e-006,1.927
2.45709e-006,1.919
2.45759e-006,1.918
2.45809e-006,1.91
2.45859e-006,1.908
2.45909e-006,1.9
2.45959e-006,1.895
2.46009e-006,1.885
2.46059e-006,1.881
2.46109e-006,1.88
2.46159e-006,1.876
2.46209e-006,1.866
2.46259e-006,1.862
2.46309e-006,1.852
2.46359e-006,1.848
2.46409e-006,1.841
2.46459e-006,1.839
2.46509e-006,1.829
2.46559e-006,1.829
2.46609e-006,1.819
2.46659e-006,1.814
2.46709e-006,1.804
2.46759e-006,1.797
2.46809e-006,1.797
2.46859e-006,1.793
2.46909e-006,1.783
2.46959e-006,1.779
2.47009e-006,1.77
2.47059e-006,1.77
2.47109e-006,1.761
2.47159e-006,1.755
2.47209e-006,1.752
2.47259e-006,1.744
2.47309e-006,1.735
2.47359e-006,1.731
2.47409e-006,1.719
2.47459e-006,1.715
2.47509e-006,1.707
2.47559e-006,1.703
2.47609e-006,1.697
2.47659e-006,1.689
2.47709e-006,1.679
2.47759e-006,1.681
2.47809e-006,1.669
2.47859e-006,1.662
2.47909e-006,1.659
2.47959e-006,1.652
2.48009e-006,1.647
2.48059e-006,1.643
2.48109e-006,1.635
2.48159e-006,1.633
2.48209e-006,1.628
2.48259e-006,1.624
2.48309e-006,1.616
2.48359e-006,1.615
2.48409e-006,1.601
2.48459e-006,1.596
2.48509e-006,1.594
2.48559e-006,1.592
2.48609e-006,1.588
2.48659e-006,1.585
2.48709e-006,1.581
2.48759e-006,1.575
2.48809e-006,1.567
2.48859e-006,1.566
2.48909e-006,1.56
2.48959e-006,1.558
2.49009e-006,1.551
2.49059e-006,1.545
2.49109e-006,1.539
2.49159e-006,1.541
2.49209e-006,1.539
2.49259e-006,1.535
2.49309e-006,1.528
2.49359e-006,1.525
2.49409e-006,1.521
2.49459e-006,1.521
2.49509e-006,1.514
2.49559e-006,1.515
2.49609e-006,1.504
2.49659e-006,1.501
2.49709e-006,1.496
2.49759e-006,1.495
2.49809e-006,1.494
2.49859e-006,1.489
2.49909e-006,1.481
2.49959e-006,1.48
2.50009e-006,1.476
2.50059e-006,1.472
2.50109e-006,1.467
2.50159e-006,1.463
2.50209e-006,1.457
2.50259e-006,1.456
2.50309e-006,1.45
2.50359e-006,1.445
2.50409e-006,1.438
2.50459e-006,1.436
2.50509e-006,1.435
2.50559e-006,1.43
2.50609e-006,1.421
2.50659e-006,1.418
2.50709e-006,1.412
2.50759e-006,1.407
2.50809e-006,1.403
2.50859e-006,1.398
2.50909e-006,1.396
2.50959e-006,1.388
2.51009e-006,1.383
2.51059e-006,1.378
2.51109e-006,1.374
2.51159e-006,1.365
2.51209e-006,1.361
2.51259e-006,1.357
2.51309e-006,1.352
2.51359e-006,1.346
2.51409e-006,1.341
2.51459e-006,1.338
2.51509e-006,1.33
2.51559e-006,1.327
2.51609e-006,1.321
2.51659e-006,1.315
2.51709e-006,1.312
2.51759e-006,1.311
2.51809e-006,1.301
2.51859e-006,1.292
2.51909e-006,1.286
2.51959e-006,1.282
2.52009e-006,1.277
2.52059e-006,1.275
2.52109e-006,1.265
2.52159e-006,1.263
2.52209e-006,1.255
2.52259e-006,1.247
2.52309e-006,1.247
2.52359e-006,1.241
2.52409e-006,1.233
2.52459e-006,1.225
2.52509e-006,1.22
2.52559e-006,1.214
2.52609e-006,1.21
2.52659e-006,1.209
2.52709e-006,1.198
2.52759e-006,1.19
2.52809e-006,1.184
2.52859e-006,1.177
2.52909e-006,1.168
2.52959e-006,1.166
2.53009e-006,1.156
2.53059e-006,1.148
2.53109e-006,1.145
2.53159e-006,1.137
2.53209e-006,1.132
2.53259e-006,1.126
2.53309e-006,1.119
2.53359e-006,1.106
2.53409e-006,1.103
2.53459e-006,1.098
2.53509e-006,1.096
2.53559e-006,1.089
2.53609e-006,1.078
2.53659e-006,1.066
2.53709e-006,1.059
2.53759e-006,1.058
2.53809e-006,1.051
2.53859e-006,1.045
2.53909e-006,1.039
2.53959e-006,1.033
2.54009e-006,1.023
2.54059e-006,1.017
2.54109e-006,1.012
2.54159e-006,1.006
2.54209e-006,1.001
2.54259e-006,0.989
2.54309e-006,0.982
2.54359e-006,0.98
2.54409e-006,0.97
2.54459e-006,0.964
2.54509e-006,0.955
2.54559e-006,0.955
2.54609e-006,0.941
2.54659e-006,0.94
2.54709e-006,0.936
2.54759e-006,0.926
2.54809e-006,0.916
2.54859e-006,0.911
2.54909e-006,0.909
2.54959e-006,0.906
2.55009e-006,0.899
2.55059e-006,0.894
2.55109e-006,0.885
2.55159e-006,0.886
2.55209e-006,0.879
2.55259e-006,0.87
2.55309e-006,0.866
2.55359e-006,0.862
2.55409e-006,0.857
2.55459e-006,0.852
2.55509e-006,0.844
2.55559e-006,0.841
2.55609e-006,0.835
2.55659e-006,0.835
2.55709e-006,0.829
2.55759e-006,0.825
2.55809e-006,0.819
2.55859e-006,0.818
2.55909e-006,0.81
2.55959e-006,0.809
2.56009e-006,0.806
2.56059e-006,0.804
2.56109e-006,0.797
2.56159e-006,0.791
2.56209e-006,0.784
2.56259e-006,0.786
2.56309e-006,0.779
2.56359e-006,0.775
2.56409e-006,0.774
2.56459e-006,0.771
2.56509e-006,0.76
2.56559e-006,0.762
2.56609e-006,0.754
2.56659e-006,0.747
2.56709e-006,0.745
2.56759e-006,0.747
2.56809e-006,0.734
2.56859e-006,0.732
2.56909e-006,0.728
2.56959e-006,0.727
2.57009e-006,0.724
2.57059e-006,0.718
2.57109e-006,0.717
2.57159e-006,0.713
2.57209e-006,0.709
2.57259e-006,0.706
2.57309e-006,0.7
2.57359e-006,0.699
2.57409e-006,0.695
2.57459e-006,0.692
2.57509e-006,0.689
2.57559e-006,0.696
2.57609e-006,0.685
2.57659e-006,0.678
2.57709e-006,0.672
2.57759e-006,0.667
2.57809e-006,0.666
2.57859e-006,0.665
2.57909e-006,0.66
2.57959e-006,0.657
2.58009e-006,0.655
2.58059e-006,0.653
2.58109e-006,0.648
2.58159e-006,0.649
2.58209e-006,0.645
2.58259e-006,0.64
2.58309e-006,0.632
2.58359e-006,0.629
2.58409e-006,0.624
2.58459e-006,0.623
2.58509e-006,0.626
2.58559e-006,0.62
2.58609e-006,0.616
2.58659e-006,0.616
2.58709e-006,0.615
2.58759e-006,0.606
2.58809e-006,0.606
2.58859e-006,0.608
2.58909e-006,0.599
2.58959e-006,0.597
2.59009e-006,0.596
2.59059e-006,0.593
2.59109e-006,0.59
2.59159e-006,0.595
2.59209e-006,0.585
2.59259e-006,0.584
2.59309e-006,0.58
2.59359e-006,0.577
2.59409e-006,0.573
2.59459e-006,0.571
2.59509e-006,0.568
2.59559e-006,0.566
2.59609e-006,0.564
2.59659e-006,0.563
2.59709e-006,0.561
2.59759e-006,0.561
2.59809e-006,0.556
2.59859e-006,0.561
2.59909e-006,0.558
2.59959e-006,0.55
2.60009e-006,0.546
2.60059e-006,0.547
2.60109e-006,0.542
2.60159e-006,0.542
2.60209e-006,0.542
2.60259e-006,0.539
2.60309e-006,0.534
2.60359e-006,0.531
2.60409e-006,0.534
2.60459e-006,0.536
2.60509e-006,0.527
2.60559e-006,0.525
2.60609e-006,0.522
2.60659e-006,0.522
2.60709e-006,0.521
2.60759e-006,0.522
2.60809e-006,0.517
2.60859e-006,0.515
2.60909e-006,0.511
2.60959e-006,0.515
2.61009e-006,0.51
2.61059e-006,0.512
2.61109e-006,0.503
2.61159e-006,0.503
2.61209e-006,0.504
2.61259e-006,0.502
2.61309e-006,0.497
2.61359e-006,0.493
2.61409e-006,0.49
2.61459e-006,0.488
2.61509e-006,0.488
2.61559e-006,0.488
2.61609e-006,0.486
2.61659e-006,0.485
2.61709e-006,0.482
2.61759e-006,0.484
2.61809e-006,0.477
2.61859e-006,0.473
2.61909e-006,0.479
2.61959e-006,0.479
2.62009e-006,0.466
2.62059e-006,0.471
2.62109e-006,0.467
2.62159e-006,0.468
2.62209e-006,0.462
2.62259e-006,0.459
2.62309e-006,0.46
2.62359e-006,0.461
2.62409e-006,0.454
2.62459e-006,0.452
2.62509e-006,0.455
2.62559e-006,0.454
2.62609e-006,0.449
2.62659e-006,0.449
2.62709e-006,0.447
2.62759e-006,0.446
2.62809e-006,0.445
2.62859e-006,0.443
2.62909e-006,0.438
2.62959e-006,0.441
2.63009e-006,0.439
2.63059e-006,0.44
2.63109e-006,0.439
2.63159e-006,0.436
2.63209e-006,0.431
2.63259e-006,0.428
2.63309e-006,0.428
2.63359e-006,0.432
2.63409e-006,0.427
2.63459e-006,0.427
2.63509e-006,0.423
2.63559e-006,0.424
2.63609e-006,0.421
2.63659e-006,0.42
2.63709e-006,0.423
2.63759e-006,0.422
2.63809e-006,0.417
2.63859e-006,0.416
2.63909e-006,0.419
2.63959e-006,0.417
2.64009e-006,0.413
2.64059e-006,0.412
2.64109e-006,0.41
2.64159e-006,0.404
2.64209e-006,0.408
2.64259e-006,0.406
2.64309e-006,0.406
2.64359e-006,0.406
2.64409e-006,0.405
2.64459e-006,0.403
2.64509e-006,0.399
2.64559e-006,0.402
2.64609e-006,0.4
2.64659e-006,0.403
2.64709e-006,0.403
2.64759e-006,0.401
2.64809e-006,0.4
2.64859e-006,0.401
2.64909e-006,0.4
2.64959e-006,0.394
2.65009e-006,0.39
2.65059e-006,0.393
2.65109e-006,0.392
2.65159e-006,0.389
2.65209e-006,0.388
2.65259e-006,0.388
2.65309e-006,0.39
2.65359e-006,0.383
2.65409e-006,0.382
2.65459e-006,0.384
2.65509e-006,0.385
2.65559e-006,0.388
2.65609e-006,0.382
2.65659e-006,0.378
2.65709e-006,0.38
2.65759e-006,0.381
2.65809e-006,0.38
2.65859e-006,0.374
2.65909e-006,0.375
2.65959e-006,0.375
2.66009e-006,0.375
2.66059e-006,0.372
2.66109e-006,0.372
2.66159e-006,0.367
2.66209e-006,0.367
2.66259e-006,0.365
2.66309e-006,0.366
2.66359e-006,0.365
2.66409e-006,0.369
2.66459e-006,0.367
2.66509e-006,0.362
2.66559e-006,0.359
2.66609e-006,0.361
2.66659e-006,0.361
2.66709e-006,0.362
2.66759e-006,0.357
2.66809e-006,0.353
2.66859e-006,0.355
2.66909e-006,0.352
2.66959e-006,0.36
2.67009e-006,0.353
2.67059e-006,0.349
2.67109e-006,0.353
2.67159e-006,0.351
2.67209e-006,0.349
2.67259e-006,0.35
2.67309e-006,0.349
2.67359e-006,0.348
2.67409e-006,0.349
2.67459e-006,0.345
2.67509e-006,0.347
2.67559e-006,0.335
2.67609e-006,0.341
2.67659e-006,0.347
2.67709e-006,0.343
2.67759e-006,0.343
2.67809e-006,0.343
2.67859e-006,0.343
2.67909e-006,0.343
2.67959e-006,0.337
2.68009e-006,0.333
2.68059e-006,0.335
2.68109e-006,0.338
2.68159e-006,0.339
2.68209e-006,0.336
2.68259e-006,0.336
2.68309e-006,0.333
2.68359e-006,0.328
2.68409e-006,0.325
2.68459e-006,0.332
2.68509e-006,0.332
2.68559e-006,0.324
2.68609e-006,0.324
2.68659e-006,0.328
2.68709e-006,0.328
2.68759e-006,0.324
2.68809e-006,0.325
2.68859e-006,0.327
2.68909e-006,0.323
2.68959e-006,0.322
2.69009e-006,0.319
2.69059e-006,0.318
2.69109e-006,0.316
2.69159e-006,0.315
2.69209e-006,0.316
2.69259e-006,0.32
2.69309e-006,0.316
2.69359e-006,0.313
2.69409e-006,0.316
2.69459e-006,0.317
2.69509e-006,0.315
2.69559e-006,0.317
2.69609e-006,0.314
2.69659e-006,0.313
2.69709e-006,0.307
2.69759e-006,0.305
2.69809e-006,0.305
2.69859e-006,0.313
2.69909e-006,0.306
2.69959e-006,0.304
2.70009e-006,0.306
2.70059e-006,0.309
2.70109e-006,0.312
2.70159e-006,0.304
2.70209e-006,0.301
2.70259e-006,0.306
2.70309e-006,0.302
2.70359e-006,0.3
2.70409e-006,0.304
2.70459e-006,0.305
2.70509e-006,0.304
2.70559e-006,0.302
2.70609e-006,0.295
2.70659e-006,0.3
2.70709e-006,0.294
2.70759e-006,0.3
2.70809e-006,0.3
2.70859e-006,0.303
2.70909e-006,0.302
2.70959e-006,0.294
2.71009e-006,0.293
2.71059e-006,0.295
2.71109e-006,0.293
2.71159e-006,0.295
2.71209e-006,0.295
2.71259e-006,0.297
2.71309e-006,0.293
2.71359e-006,0.289
2.71409e-006,0.291
2.71459e-006,0.295
2.71509e-006,0.29
2.71559e-006,0.291
2.71609e-006,0.288
2.71659e-006,0.292
2.71709e-006,0.291
2.71759e-006,0.29
2.71809e-006,0.288
2.71859e-006,0.292
2.71909e-006,0.286
2.71959e-006,0.283
2.72009e-006,0.287
2.72059e-006,0.287
2.72109e-006,0.289
2.72159e-006,0.285
2.72209e-006,0.281
2.72259e-006,0.286
2.72309e-006,0.282
2.72359e-006,0.285
2.72409e-006,0.279
2.72459e-006,0.283
2.72509e-006,0.277
2.72559e-006,0.275
2.72609e-006,0.28
2.72659e-006,0.285
2.72709e-006,0.278
2.72759e-006,0.276
2.72809e-006,0.273
2.72859e-006,0.272
2.72909e-006,0.274
2.72959e-006,0.28
2.73009e-006,0.277
2.73059e-006,0.274
2.73109e-006,0.275
2.73159e-006,0.267
2.73209e-006,0.268
2.73259e-006,0.273
2.73309e-006,0.272
2.73359e-006,0.269
2.73409e-006,0.272
2.73459e-006,0.274
2.73509e-006,0.269
2.73559e-006,0.268
2.73609e-006,0.266
2.73659e-006,0.268
2.73709e-006,0.271
2.73759e-006,0.27
2.73809e-006,0.266
2.73859e-006,0.268
2.73909e-006,0.268
2.73959e-006,0.266
2.74009e-006,0.263
2.74059e-006,0.271
2.74109e-006,0.271
2.74159e-006,0.268
2.74209e-006,0.265
2.74259e-006,0.264
2.74309e-006,0.263
2.74359e-006,0.261
2.74409e-006,0.259
2.74459e-006,0.263
2.74509e-006,0.265
2.74559e-006,0.257
2.74609e-006,0.258
2.74659e-006,0.265
2.74709e-006,0.266
2.74759e-006,0.262
2.74809e-006,0.259
2.74859e-006,0.258
2.74909e-006,0.265
2.74959e-006,0.259
2.75009e-006,0.255
2.75059e-006,0.259
2.75109e-006,0.257
2.75159e-006,0.255
2.75209e-006,0.257
2.75259e-006,0.256
2.75309e-006,0.254
2.75359e-006,0.249
2.75409e-006,0.254
2.75459e-006,0.257
2.75509e-006,0.256
2.75559e-006,0.251
2.75609e-006,0.249
2.75659e-006,0.251
2.75709e-006,0.254
2.75759e-006,0.248
2.75809e-006,0.247
2.75859e-006,0.248
2.75909e-006,0.248
2.75959e-006,0.246
2.76009e-006,0.25
2.76059e-006,0.251
2.76109e-006,0.25
2.76159e-006,0.248
2.76209e-006,0.245
2.76259e-006,0.249
2.76309e-006,0.242
2.76359e-006,0.239
2.76409e-006,0.249
2.76459e-006,0.247
2.76509e-006,0.246
2.76559e-006,0.24
2.76609e-006,0.243
2.76659e-006,0.248
2.76709e-006,0.242
2.76759e-006,0.237
2.76809e-006,0.238
2.76859e-006,0.24
2.76909e-006,0.24
2.76959e-006,0.244
2.77009e-006,0.242
2.77059e-006,0.243
2.77109e-006,0.243
2.77159e-006,0.236
2.77209e-006,0.233
2.77259e-006,0.24
2.77309e-006,0.239
2.77359e-006,0.23
2.77409e-006,0.237
2.77459e-006,0.239
2.77509e-006,0.234
2.77559e-006,0.228
2.77609e-006,0.236
2.77659e-006,0.24
2.77709e-006,0.238
2.77759e-006,0.237
2.77809e-006,0.233
2.77859e-006,0.235
2.77909e-006,0.231
2.77959e-006,0.23
2.78009e-006,0.235
2.78059e-006,0.236
2.78109e-006,0.234
2.78159e-006,0.231
2.78209e-006,0.229
2.78259e-006,0.233
2.78309e-006,0.23
2.78359e-006,0.231
2.78409e-006,0.235
2.78459e-006,0.236
2.78509e-006,0.234
2.78559e-006,0.233
2.78609e-006,0.233
2.78659e-006,0.234
2.78709e-006,0.233
2.78759e-006,0.232
2.78809e-006,0.229
2.78859e-006,0.231
2.78909e-006,0.231
2.78959e-006,0.224
2.79009e-006,0.226
2.79059e-006,0.23
2.79109e-006,0.23
2.79159e-006,0.226
2.79209e-006,0.227
2.79259e-006,0.23
2.79309e-006,0.226
2.79359e-006,0.225
2.79409e-006,0.224
2.79459e-006,0.224
2.79509e-006,0.227
2.79559e-006,0.222
2.79609e-006,0.227
2.79659e-006,0.226
2.79709e-006,0.226
2.79759e-006,0.221
2.79809e-006,0.222
2.79859e-006,0.226
2.79909e-006,0.225
2.79959e-006,0.226
2.80009e-006,0.229
2.80059e-006,0.227
2.80109e-006,0.227
2.80159e-006,0.226
2.80209e-006,0.224
2.80259e-006,0.224
2.80309e-006,0.221
2.80359e-006,0.22
2.80409e-006,0.223
2.80459e-006,0.228
2.80509e-006,0.22
2.80559e-006,0.217
2.80609e-006,0.223
2.80659e-006,0.227
2.80709e-006,0.222
2.80759e-006,0.224
2.80809e-006,0.224
2.80859e-006,0.224
2.80909e-006,0.22
2.80959e-006,0.218
2.81009e-006,0.226
2.81059e-006,0.226
2.81109e-006,0.222
2.81159e-006,0.222
2.81209e-006,0.222
2.81259e-006,0.226
2.81309e-006,0.23
2.81359e-006,0.221
2.81409e-006,0.222
2.81459e-006,0.226
2.81509e-006,0.227
2.81559e-006,0.222
2.81609e-006,0.221
2.81659e-006,0.223
2.81709e-006,0.221
2.81759e-006,0.219
2.81809e-006,0.222
2.81859e-006,0.222
2.81909e-006,0.222
2.81959e-006,0.223
2.82009e-006,0.223
2.82059e-006,0.221
2.82109e-006,0.218
2.82159e-006,0.218
2.82209e-006,0.219
2.82259e-006,0.221
2.82309e-006,0.217
2.82359e-006,0.219
2.82409e-006,0.218
2.82459e-006,0.222
2.82509e-006,0.219
2.82559e-006,0.217
2.82609e-006,0.216
2.82659e-006,0.22
2.82709e-006,0.218
2.82759e-006,0.216
2.82809e-006,0.214
2.82859e-006,0.222
2.82909e-006,0.218
2.82959e-006,0.218
2.83009e-006,0.219
2.83059e-006,0.218
2.83109e-006,0.219
2.83159e-006,0.213
2.83209e-006,0.213
2.83259e-006,0.22
2.83309e-006,0.218
2.83359e-006,0.217
2.83409e-006,0.212
2.83459e-006,0.218
2.83509e-006,0.219
2.83559e-006,0.213
2.83609e-006,0.213
2.83659e-006,0.216
2.83709e-006,0.216
2.83759e-006,0.213
2.83809e-006,0.216
2.83859e-006,0.221
2.83909e-006,0.216
2.83959e-006,0.21
2.84009e-006,0.21
2.84059e-006,0.213
2.84109e-006,0.216
2.84159e-006,0.215
2.84209e-006,0.213
2.84259e-006,0.213
2.84309e-006,0.21
2.84359e-006,0.211
2.84409e-006,0.212
2.84459e-006,0.209
2.84509e-006,0.211
2.84559e-006,0.214
2.84609e-006,0.214
2.84659e-006,0.214
2.84709e-006,0.212
2.84759e-006,0.211
2.84809e-006,0.21
2.84859e-006,0.214
2.84909e-006,0.209
2.84959e-006,0.209
2.85009e-006,0.209
2.85059e-006,0.209
2.85109e-006,0.21
2.85159e-006,0.209
2.85209e-006,0.208
2.85259e-006,0.209
2.85309e-006,0.21
2.85359e-006,0.203
2.85409e-006,0.203
2.85459e-006,0.206
2.85509e-006,0.203
2.85559e-006,0.201
2.85609e-006,0.202
2.85659e-006,0.2
2.85709e-006,0.201
2.85759e-006,0.2
2.85809e-006,0.204
2.85859e-006,0.205
2.85909e-006,0.202
2.85959e-006,0.197
2.86009e-006,0.2
2.86059e-006,0.204
2.86109e-006,0.2
2.86159e-006,0.196
2.86209e-006,0.194
2.86259e-006,0.195
2.86309e-006,0.195
2.86359e-006,0.193
2.86409e-006,0.193
2.86459e-006,0.19
2.86509e-006,0.191
2.86559e-006,0.189
2.86609e-006,0.19
2.86659e-006,0.191
2.86709e-006,0.194
2.86759e-006,0.188
2.86809e-006,0.187
2.86859e-006,0.189
2.86909e-006,0.19
2.86959e-006,0.191
2.87009e-006,0.186
2.87059e-006,0.187
2.87109e-006,0.187
2.87159e-006,0.186
2.87209e-006,0.184
2.87259e-006,0.188
2.87309e-006,0.192
2.87359e-006,0.182
2.87409e-006,0.179
2.87459e-006,0.181
2.87509e-006,0.186
2.87559e-006,0.185
2.87609e-006,0.187
2.87659e-006,0.185
2.87709e-006,0.181
2.87759e-006,0.177
2.87809e-006,0.182
2.87859e-006,0.185
2.87909e-006,0.183
2.87959e-006,0.177
2.88009e-006,0.18
2.88059e-006,0.183
2.88109e-006,0.182
2.88159e-006,0.179
2.88209e-006,0.179
2.88259e-006,0.18
2.88309e-006,0.181
2.88359e-006,0.176
2.88409e-006,0.181
2.88459e-006,0.179
2.88509e-006,0.184
2.88559e-006,0.176
2.88609e-006,0.178
2.88659e-006,0.181
2.88709e-006,0.184
2.88759e-006,0.184
2.88809e-006,0.182
2.88859e-006,0.181
2.88909e-006,0.181
2.88959e-006,0.18
2.89009e-006,0.178
2.89059e-006,0.183
2.89109e-006,0.182
2.89159e-006,0.175
2.89209e-006,0.181
2.89259e-006,0.18
2.89309e-006,0.178
2.89359e-006,0.179
2.89409e-006,0.18
2.89459e-006,0.18
2.89509e-006,0.182
2.89559e-006,0.179
2.89609e-006,0.181
2.89659e-006,0.179
2.89709e-006,0.183
2.89759e-006,0.18
2.89809e-006,0.18
2.89859e-006,0.178
2.89909e-006,0.181
2.89959e-006,0.183
2.90009e-006,0.181
2.90059e-006,0.18
2.90109e-006,0.182
2.90159e-006,0.179
2.90209e-006,0.179
2.90259e-006,0.179
2.90309e-006,0.181
2.90359e-006,0.181
2.90409e-006,0.179
2.90459e-006,0.186
2.90509e-006,0.18
2.90559e-006,0.18
2.90609e-006,0.18
2.90659e-006,0.179
2.90709e-006,0.18
2.90759e-006,0.176
2.90809e-006,0.176
2.90859e-006,0.177
2.90909e-006,0.177
2.90959e-006,0.175
2.91009e-006,0.178
2.91059e-006,0.179
2.91109e-006,0.179
2.91159e-006,0.176
2.91209e-006,0.175
2.91259e-006,0.177
2.91309e-006,0.181
2.91359e-006,0.174
2.91409e-006,0.168
2.91459e-006,0.175
2.91509e-006,0.176
2.91559e-006,0.174
2.91609e-006,0.173
2.91659e-006,0.176
2.91709e-006,0.175
2.91759e-006,0.172
2.91809e-006,0.171
2.91859e-006,0.175
2.91909e-006,0.177
2.91959e-006,0.171
2.92009e-006,0.172
2.92059e-006,0.173
2.92109e-006,0.17
2.92159e-006,0.17
2.92209e-006,0.167
2.92259e-006,0.166
2.92309e-006,0.168
2.92359e-006,0.167
2.92409e-006,0.165
2.92459e-006,0.164
2.92509e-006,0.171
2.92559e-006,0.166
2.92609e-006,0.165
2.92659e-006,0.167
2.92709e-006,0.166
2.92759e-006,0.162
2.92809e-006,0.163
2.92859e-006,0.166
2.92909e-006,0.166
2.92959e-006,0.163
2.93009e-006,0.165
2.93059e-006,0.162
2.93109e-006,0.164
2.93159e-006,0.16
2.93209e-006,0.161
2.93259e-006,0.164
2.93309e-006,0.162
2.93359e-006,0.163
2.93409e-006,0.164
2.93459e-006,0.163
2.93509e-006,0.161
2.93559e-006,0.154
2.93609e-006,0.154
2.93659e-006,0.158
2.93709e-006,0.16
2.93759e-006,0.151
2.93809e-006,0.157
2.93859e-006,0.158
2.93909e-006,0.156
2.93959e-006,0.15
2.94009e-006,0.155
2.94059e-006,0.156
2.94109e-006,0.158
2.94159e-006,0.151
2.94209e-006,0.153
2.94259e-006,0.152
2.94309e-006,0.152
2.94359e-006,0.149
2.94409e-006,0.149
2.94459e-006,0.152
2.94509e-006,0.156
2.94559e-006,0.151
2.94609e-006,0.152
2.94659e-006,0.151
2.94709e-006,0.148
2.94759e-006,0.147
2.94809e-006,0.152
2.94859e-006,0.15
2.94909e-006,0.154
2.94959e-006,0.148
2.95009e-006,0.144
2.95059e-006,0.147
2.95109e-006,0.148
2.95159e-006,0.147
2.95209e-006,0.149
2.95259e-006,0.152
2.95309e-006,0.151
2.95359e-006,0.149
2.95409e-006,0.147
2.95459e-006,0.148
2.95509e-006,0.148
2.95559e-006,0.143
2.95609e-006,0.142
2.95659e-006,0.145
2.95709e-006,0.146
2.95759e-006,0.141
2.95809e-006,0.137
2.95859e-006,0.143
2.95909e-006,0.146
2.95959e-006,0.141
2.96009e-006,0.142
2.96059e-006,0.143
2.96109e-006,0.14
2.96159e-006,0.136
2.96209e-006,0.139
2.96259e-006,0.143
2.96309e-006,0.147
2.96359e-006,0.143
2.96409e-006,0.138
2.96459e-006,0.144
2.96509e-006,0.142
2.96559e-006,0.141
2.96609e-006,0.137
2.96659e-006,0.143
2.96709e-006,0.142
2.96759e-006,0.137
2.96809e-006,0.139
2.96859e-006,0.138
2.96909e-006,0.142
2.96959e-006,0.139
2.97009e-006,0.136
2.97059e-006,0.137
2.97109e-006,0.144
2.97159e-006,0.142
2.97209e-006,0.136
2.97259e-006,0.138
2.97309e-006,0.14
2.97359e-006,0.138
2.97409e-006,0.133
2.97459e-006,0.137
2.97509e-006,0.138
2.97559e-006,0.134
2.97609e-006,0.137
2.97659e-006,0.136
2.97709e-006,0.139
2.97759e-006,0.135
2.97809e-006,0.131
2.97859e-006,0.135
2.97909e-006,0.138
2.97959e-006,0.128
2.98009e-006,0.133
2.98059e-006,0.134
2.98109e-006,0.13
2.98159e-006,0.129
2.98209e-006,0.133
2.98259e-006,0.134
2.98309e-006,0.136
2.98359e-006,0.131
2.98409e-006,0.132
2.98459e-006,0.134
2.98509e-006,0.138
2.98559e-006,0.131
2.98609e-006,0.133
2.98659e-006,0.132
2.98709e-006,0.132
2.98759e-006,0.125
2.98809e-006,0.129
2.98859e-006,0.133
2.98909e-006,0.131
2.98959e-006,0.128
2.99009e-006,0.128
2.99059e-006,0.129
2.99109e-006,0.13
2.99159e-006,0.127
2.99209e-006,0.128
2.99259e-006,0.129
2.99309e-006,0.133
2.99359e-006,0.128
2.99409e-006,0.128
2.99459e-006,0.123
2.99509e-006,0.125
2.99559e-006,0.127
2.99609e-006,0.131
2.99659e-006,0.127
2.99709e-006,0.128
2.99759e-006,0.127
2.99809e-006,0.124
2.99859e-006,0.127
2.99909e-006,0.132
2.99959e-006,0.131
3.00009e-006,0.126
3.00059e-006,0.127
3.00109e-006,0.126
3.00159e-006,0.12
3.00209e-006,0.124
3.00259e-006,0.126
3.00309e-006,0.129
3.00359e-006,0.126
3.00409e-006,0.123
3.00459e-006,0.124
3.00509e-006,0.124
3.00559e-006,0.121
3.00609e-006,0.13
3.00659e-006,0.125
3.00709e-006,0.129
3.00759e-006,0.124
3.00809e-006,0.127
3.00859e-006,0.13
3.00909e-006,0.132
3.00959e-006,0.122
3.01009e-006,0.124
3.01059e-006,0.13
3.01109e-006,0.125
3.01159e-006,0.124
3.01209e-006,0.125
3.01259e-006,0.125
3.01309e-006,0.128
3.01359e-006,0.121
3.01409e-006,0.122
3.01459e-006,0.119
3.01509e-006,0.12
3.01559e-006,0.121
3.01609e-006,0.124
3.01659e-006,0.123
3.01709e-006,0.125
3.01759e-006,0.124
3.01809e-006,0.123
3.01859e-006,0.126
3.01909e-006,0.124
3.01959e-006,0.123
3.02009e-006,0.123
3.02059e-006,0.122
3.02109e-006,0.123
3.02159e-006,0.123
3.02209e-006,0.123
3.02259e-006,0.121
3.02309e-006,0.13
3.02359e-006,0.124
3.02409e-006,0.126
3.02459e-006,0.123
3.02509e-006,0.128
3.02559e-006,0.125
3.02609e-006,0.121
3.02659e-006,0.124
3.02709e-006,0.128
3.02759e-006,0.125
3.02809e-006,0.119
3.02859e-006,0.125
3.02909e-006,0.124
3.02959e-006,0.117
3.03009e-006,0.122
3.03059e-006,0.124
3.03109e-006,0.121
3.03159e-006,0.115
3.03209e-006,0.118
3.03259e-006,0.119
3.03309e-006,0.121
3.03359e-006,0.116
3.03409e-006,0.117
3.03459e-006,0.123
3.03509e-006,0.125
3.03559e-006,0.118
3.03609e-006,0.116
3.03659e-006,0.121
3.03709e-006,0.122
3.03759e-006,0.121
3.03809e-006,0.118
3.03859e-006,0.12
3.03909e-006,0.121
3.03959e-006,0.119
3.04009e-006,0.122
3.04059e-006,0.12
3.04109e-006,0.12
3.04159e-006,0.115
3.04209e-006,0.121
3.04259e-006,0.12
3.04309e-006,0.121
3.04359e-006,0.117
3.04409e-006,0.119
3.04459e-006,0.118
3.04509e-006,0.119
3.04559e-006,0.116
3.04609e-006,0.118
3.04659e-006,0.118
3.04709e-006,0.121
3.04759e-006,0.117
3.04809e-006,0.115
3.04859e-006,0.115
3.04909e-006,0.118
3.04959e-006,0.114
3.05009e-006,0.113
3.05059e-006,0.117
3.05109e-006,0.119
3.05159e-006,0.114
3.05209e-006,0.106
3.05259e-006,0.116
3.05309e-006,0.121
3.05359e-006,0.113
3.05409e-006,0.112
3.05459e-006,0.112
3.05509e-006,0.111
3.05559e-006,0.112
3.05609e-006,0.114
3.05659e-006,0.116
3.05709e-006,0.114
3.05759e-006,0.113
3.05809e-006,0.112
3.05859e-006,0.117
3.05909e-006,0.117
3.05959e-006,0.114
3.06009e-006,0.116
3.06059e-006,0.118
3.06109e-006,0.115
3.06159e-006,0.113
3.06209e-006,0.109
3.06259e-006,0.114
3.06309e-006,0.115
3.06359e-006,0.116
3.06409e-006,0.111
3.06459e-006,0.111
3.06509e-006,0.114
3.06559e-006,0.117
3.06609e-006,0.118
3.06659e-006,0.114
3.06709e-006,0.115
3.06759e-006,0.111
3.06809e-006,0.113
3.06859e-006,0.112
3.06909e-006,0.113
3.06959e-006,0.114
3.07009e-006,0.114
3.07059e-006,0.117
3.07109e-006,0.116
3.07159e-006,0.11
3.07209e-006,0.115
3.07259e-006,0.115
3.07309e-006,0.114
3.07359e-006,0.114
3.07409e-006,0.112
3.07459e-006,0.115
3.07509e-006,0.114
3.07559e-006,0.112
3.07609e-006,0.109
3.07659e-006,0.114
3.07709e-006,0.115
3.07759e-006,0.11
3.07809e-006,0.109
3.07859e-006,0.11
3.07909e-006,0.113
3.07959e-006,0.111
3.08009e-006,0.112
3.08059e-006,0.118
3.08109e-006,0.118
3.08159e-006,0.113
3.08209e-006,0.112
3.08259e-006,0.115
3.08309e-006,0.114
3.08359e-006,0.107
3.08409e-006,0.109
3.08459e-006,0.114
3.08509e-006,0.115
3.08559e-006,0.111
3.08609e-006,0.111
3.08659e-006,0.115
3.08709e-006,0.116
3.08759e-006,0.113
3.08809e-006,0.115
3.08859e-006,0.114
3.08909e-006,0.115
3.08959e-006,0.118
3.09009e-006,0.114
3.09059e-006,0.118
3.09109e-006,0.12
3.09159e-006,0.112
3.09209e-006,0.109
3.09259e-006,0.113
3.09309e-006,0.116
3.09359e-006,0.11
3.09409e-006,0.108
3.09459e-006,0.114
3.09509e-006,0.114
3.09559e-006,0.113
3.09609e-006,0.115
3.09659e-006,0.117
3.09709e-006,0.114
3.09759e-006,0.112
3.09809e-006,0.118
3.09859e-006,0.114
3.09909e-006,0.116
3.09959e-006,0.112
3.10009e-006,0.111
3.10059e-006,0.114
3.10109e-006,0.117
3.10159e-006,0.115
3.10209e-006,0.114
3.10259e-006,0.112
3.10309e-006,0.117
3.10359e-006,0.114
3.10409e-006,0.114
3.10459e-006,0.11
3.10509e-006,0.113
3.10559e-006,0.113
3.10609e-006,0.11
3.10659e-006,0.113
3.10709e-006,0.115
3.10759e-006,0.115
3.10809e-006,0.115
3.10859e-006,0.114
3.10909e-006,0.108
3.10959e-006,0.108
3.11009e-006,0.112
3.11059e-006,0.117
3.11109e-006,0.115
3.11159e-006,0.111
3.11209e-006,0.107
3.11259e-006,0.112
3.11309e-006,0.114
3.11359e-006,0.109
3.11409e-006,0.114
3.11459e-006,0.107
3.11509e-006,0.11
3.11559e-006,0.112
3.11609e-006,0.114
3.11659e-006,0.115
3.11709e-006,0.111
3.11759e-006,0.113
3.11809e-006,0.11
3.11859e-006,0.111
3.11909e-006,0.114
3.11959e-006,0.111
3.12009e-006,0.109
3.12059e-006,0.112
3.12109e-006,0.113
3.12159e-006,0.112
3.12209e-006,0.111
3.12259e-006,0.104
3.12309e-006,0.11
3.12359e-006,0.109
3.12409e-006,0.108
3.12459e-006,0.113
3.12509e-006,0.112
3.12559e-006,0.108
3.12609e-006,0.105
3.12659e-006,0.111
3.12709e-006,0.108
3.12759e-006,0.106
3.12809e-006,0.105
3.12859e-006,0.108
3.12909e-006,0.11
3.12959e-006,0.108
3.13009e-006,0.103
3.13059e-006,0.104
3.13109e-006,0.105
3.13159e-006,0.108
3.13209e-006,0.107
3.13259e-006,0.108
3.13309e-006,0.11
3.13359e-006,0.108
3.13409e-006,0.11
3.13459e-006,0.115
3.13509e-006,0.111
3.13559e-006,0.102
3.13609e-006,0.105
3.13659e-006,0.104
3.13709e-006,0.108
3.13759e-006,0.107
3.13809e-006,0.106
3.13859e-006,0.114
3.13909e-006,0.112
3.13959e-006,0.106
3.14009e-006,0.105
3.14059e-006,0.109
3.14109e-006,0.108
3.14159e-006,0.101
3.14209e-006,0.104
3.14259e-006,0.108
3.14309e-006,0.106
3.14359e-006,0.102
3.14409e-006,0.108
3.14459e-006,0.111
3.14509e-006,0.11
3.14559e-006,0.108
3.14609e-006,0.106
3.14659e-006,0.108
3.14709e-006,0.108
3.14759e-006,0.107
3.14809e-006,0.106
3.14859e-006,0.108
3.14909e-006,0.108
3.14959e-006,0.105
3.15009e-006,0.101
3.15059e-006,0.102
3.15109e-006,0.107
3.15159e-006,0.106
3.15209e-006,0.104
3.15259e-006,0.109
3.15309e-006,0.106
3.15359e-006,0.099
3.15409e-006,0.103
3.15459e-006,0.104
3.15509e-006,0.103
3.15559e-006,0.103
3.15609e-006,0.104
3.15659e-006,0.107
3.15709e-006,0.107
3.15759e-006,0.102
3.15809e-006,0.104
3.15859e-006,0.107
3.15909e-006,0.106
3.15959e-006,0.102
3.16009e-006,0.106
3.16059e-006,0.107
3.16109e-006,0.105
3.16159e-006,0.102
3.16209e-006,0.101
3.16259e-006,0.103
3.16309e-006,0.107
3.16359e-006,0.103
3.16409e-006,0.1
3.16459e-006,0.107
3.16509e-006,0.108
3.16559e-006,0.107
3.16609e-006,0.103
3.16659e-006,0.107
3.16709e-006,0.11
3.16759e-006,0.109
3.16809e-006,0.103
3.16859e-006,0.109
3.16909e-006,0.107
3.16959e-006,0.103
3.17009e-006,0.109
3.17059e-006,0.111
3.17109e-006,0.112
3.17159e-006,0.107
3.17209e-006,0.107
3.17259e-006,0.107
3.17309e-006,0.104
3.17359e-006,0.1
3.17409e-006,0.102
3.17459e-006,0.101
3.17509e-006,0.107
3.17559e-006,0.108
3.17609e-006,0.106
3.17659e-006,0.105
3.17709e-006,0.11
3.17759e-006,0.108
3.17809e-006,0.107
3.17859e-006,0.106
3.17909e-006,0.113
3.17959e-006,0.11
3.18009e-006,0.106
3.18059e-006,0.108
3.18109e-006,0.111
3.18159e-006,0.102
3.18209e-006,0.105
3.18259e-006,0.11
3.18309e-006,0.109
3.18359e-006,0.104
3.18409e-006,0.105
3.18459e-006,0.107
3.18509e-006,0.11
3.18559e-006,0.103
3.18609e-006,0.102
3.18659e-006,0.105
3.18709e-006,0.104
3.18759e-006,0.102
3.18809e-006,0.103
3.18859e-006,0.104
3.18909e-006,0.106
3.18959e-006,0.108
3.19009e-006,0.105
3.19059e-006,0.105
3.19109e-006,0.104
3.19159e-006,0.1
3.19209e-006,0.106
3.19259e-006,0.109
3.19309e-006,0.11
3.19359e-006,0.106
3.19409e-006,0.107
3.19459e-006,0.112
3.19509e-006,0.105
3.19559e-006,0.101
3.19609e-006,0.105
3.19659e-006,0.108
3.19709e-006,0.109
3.19759e-006,0.103
3.19809e-006,0.105
3.19859e-006,0.108
3.19909e-006,0.107
3.19959e-006,0.1
3.20009e-006,0.101
